number,picked,openverse_id,license,license_version,creator,title,source,landing_url,attribution
6,True,42c44a37-3df0-41fe-9781-f84272d58c2c,by,2.0,D-Stanley,Samil Lake,flickr,https://www.flickr.com/photos/79721788@N00/5063895084,"""Samil Lake"" by D-Stanley, CC BY 2.0, via flickr"
28,True,808ae859-fec1-4ffa-ace2-f6d2e8cc5f56,by,2.0,rjshade,"Chamonix, France",flickr,https://www.flickr.com/photos/89466603@N00/7951636730,"""Chamonix, France"" by rjshade, CC BY 2.0, via flickr"
33,True,08847725-5e0c-4898-a6d8-fb8d63b7c4b6,by,2.0,VinothChandar,Interlaken!,flickr,https://www.flickr.com/photos/44345361@N06/5417409353,"""Interlaken!"" by VinothChandar, CC BY 2.0, via flickr"
122,True,2013dee2-01d9-424a-bf4a-0e8e16b558f9,by,2.0,Giuseppe Milo (www.pixael.com),Irish Cliffs - Ireland - Seascape photography,flickr,https://www.flickr.com/photos/87690240@N03/44536639410,"""Irish Cliffs - Ireland - Seascape photography"" by Giuseppe Milo (www.pixael.com), CC BY 2.0, via flickr"
225,False,d6851af5-c638-4c46-9181-6f65eb740d77,by,2.0,bobarcpics,Coastal Landscape-towards Skenes Creek,flickr,https://www.flickr.com/photos/75483412@N08/14939980843,"""Coastal Landscape-towards Skenes Creek"" by bobarcpics, CC BY 2.0, via flickr"
248,False,b391cf94-9327-4739-956a-8396fab968bd,cc0,1.0,JJ Skys the Limit,Coastal Landscape,stocksnap,https://stocksnap.io/photo/coastal-landscape-SMEYWHXV8S,"""Coastal Landscape"" by JJ Skys the Limit, CC0 1.0, via stocksnap"
242,False,01e4aba7-99c8-4bdd-82ec-79f0eb096699,cc0,1.0,JJ Skys the Limit,Coastal Landscape,stocksnap,https://stocksnap.io/photo/coastal-landscape-CJ1CQJ4F0G,"""Coastal Landscape"" by JJ Skys the Limit, CC0 1.0, via stocksnap"
244,False,2c1b9e7e-06b9-4b1b-8e3e-ee5bec3d12fb,cc0,1.0,JJ Skys the Limit,Coastal Landscape,stocksnap,https://stocksnap.io/photo/coastal-landscape-LD3S1J6AEJ,"""Coastal Landscape"" by JJ Skys the Limit, CC0 1.0, via stocksnap"
229,False,a72482ff-a7ea-45b6-a87d-05b6037ed376,by-sa,2.0,mikecogh,Coastal Landscape,flickr,https://www.flickr.com/photos/89165847@N00/13549394695,"""Coastal Landscape"" by mikecogh, CC BY-SA 2.0, via flickr"
9,False,d0d249b5-e10f-4759-b6f4-7922a8974332,by,2.0,JonoMueller,"Moraine Lake, Banff NP Alberta Canada",flickr,https://www.flickr.com/photos/45939540@N05/5988279545,"""Moraine Lake, Banff NP Alberta Canada"" by JonoMueller, CC BY 2.0, via flickr"
190,False,156726f8-101d-4bef-a610-b61decd68a72,by,2.0,Thank You (23 Millions+) views,Merlion,flickr,https://www.flickr.com/photos/34128007@N04/52379798398,"""Merlion"" by Thank You (23 Millions+) views, CC BY 2.0, via flickr"
101,False,389d0624-c8e0-420d-bd7f-97f88c07f70d,by,2.0,skyseeker,the lunar New Year in Yokohama.,flickr,https://www.flickr.com/photos/40422902@N00/92505314,"""the lunar New Year in Yokohama."" by skyseeker, CC BY 2.0, via flickr"
1,False,77393379-67b1-4a41-b79d-4a3f3ffb5339,cc0,1.0,,"Free mountain, lake landscape image",rawpixel,https://www.rawpixel.com/image/5904011/photo-image-public-domain-tree-green,"""Free mountain, lake landscape image"" by unknown, CC0 1.0, via rawpixel"
154,False,0fe9c5c8-ec0e-4892-a748-897caa035f69,by,2.0,Zach Dischner,Tivoli Sunset,flickr,https://www.flickr.com/photos/35557234@N07/9563437391,"""Tivoli Sunset"" by Zach Dischner, CC BY 2.0, via flickr"
85,False,91178be3-c765-497b-97aa-e540497ac6b0,by,2.0,roberthuffstutter,HISTORIC BUILDINGS OF JAPAN--NOT MY PHOTO,flickr,https://www.flickr.com/photos/29528454@N04/8433214439,"""HISTORIC BUILDINGS OF JAPAN--NOT MY PHOTO"" by roberthuffstutter, CC BY 2.0, via flickr"
193,False,b7afa3ba-e9f4-4727-9750-f9c4b56ae571,by,2.0,Zemlinki!,vegas ny,flickr,https://www.flickr.com/photos/78199898@N00/3418069143,"""vegas ny"" by Zemlinki!, CC BY 2.0, via flickr"
69,False,45f0c727-4a42-4b06-815a-9415bde96ffa,by,2.0,skyseeker,KURASHIKI.,flickr,https://www.flickr.com/photos/40422902@N00/27099517,"""KURASHIKI."" by skyseeker, CC BY 2.0, via flickr"
27,False,ee782c5a-25d4-405f-b377-a5cdfd074cc9,by,2.0,Jeff Pang,Grinnell Glacier Trail,flickr,https://www.flickr.com/photos/29069842@N02/9890409803,"""Grinnell Glacier Trail"" by Jeff Pang, CC BY 2.0, via flickr"
159,False,c954dbdd-1de0-4007-b878-994ae8364353,by,2.0,Giuseppe Milo (www.pixael.com),Boseong Green Tea Field - South Korea - Travel photography,flickr,https://www.flickr.com/photos/87690240@N03/27494393778,"""Boseong Green Tea Field - South Korea - Travel photography"" by Giuseppe Milo (www.pixael.com), CC BY 2.0, via flickr"
115,False,76cbc2dd-8258-42a2-9587-085a6e866dfe,by,2.0,Giuseppe Milo (www.pixael.com),"Arlara - Corvara, Alta Badia - Landscape photography",flickr,https://www.flickr.com/photos/87690240@N03/31011440383,"""Arlara - Corvara, Alta Badia - Landscape photography"" by Giuseppe Milo (www.pixael.com), CC BY 2.0, via flickr"
196,False,4748b569-7f6e-423f-82bf-59a0ef140477,by-sa,2.0,conskeptical,looking the other way,flickr,https://www.flickr.com/photos/32751486@N00/95735748,"""looking the other way"" by conskeptical, CC BY-SA 2.0, via flickr"
94,False,5c08a39f-4d86-4573-baf1-ee68f3fb2562,by,2.0,spinster cardigan,aloe windows,flickr,https://www.flickr.com/photos/84906483@N08/10328928335,"""aloe windows"" by spinster cardigan, CC BY 2.0, via flickr"
251,False,ebcab4dc-416d-4cda-b5a2-07b49043a907,cc0,1.0,Bernard Spragg,Coastal Landscape,stocksnap,https://stocksnap.io/photo/coastal-landscape-2PA3UYKXNC,"""Coastal Landscape"" by Bernard Spragg, CC0 1.0, via stocksnap"
210,False,1d1819a4-9aae-415b-9b01-457c00081492,by,2.0,TopRankMarketing,Daytime View,flickr,https://www.flickr.com/photos/10582760@N08/1190327362,"""Daytime View"" by TopRankMarketing, CC BY 2.0, via flickr"
234,False,626fc9a5-75e4-4abb-b223-a426a5b2aa3a,cc0,1.0,JJ Skys the Limit,Coastal Landscape,stocksnap,https://stocksnap.io/photo/coastal-landscape-VF1KH2U9TE,"""Coastal Landscape"" by JJ Skys the Limit, CC0 1.0, via stocksnap"
36,False,7d224939-6c1f-4186-96ec-b6e08cd17eee,by,2.0,USDAgov,20111025-FS-SM-0002,flickr,https://www.flickr.com/photos/41284017@N08/6280225362,"""20111025-FS-SM-0002"" by USDAgov, CC BY 2.0, via flickr"
133,False,4f835dc3-fb35-49cb-98fc-4d3d99df0767,by,2.0,Nelson Lourenço,Les Pyrénées 02,flickr,https://www.flickr.com/photos/76825766@N03/12998592474,"""Les Pyrénées 02"" by Nelson Lourenço, CC BY 2.0, via flickr"
128,False,a92fdfd2-ff8b-46d4-903a-c390740a3305,by,2.0,Doug Scortegagna,A road - In Explore 03-03-2015,flickr,https://www.flickr.com/photos/56551021@N06/16513583560,"""A road - In Explore 03-03-2015"" by Doug Scortegagna, CC BY 2.0, via flickr"
148,False,ffb844a6-289e-4ec6-9423-54b35cb40240,by,2.0,Giuseppe Milo (www.pixael.com),"The Broadway tower - Broadway, United Kingdom - Travel photography",flickr,https://www.flickr.com/photos/87690240@N03/29142343556,"""The Broadway tower - Broadway, United Kingdom - Travel photography"" by Giuseppe Milo (www.pixael.com), CC BY 2.0, via flickr"
245,False,154999f4-bde6-4972-98dd-d206978bbf28,cc0,1.0,Sergei Gussev,Coastal Landscape,stocksnap,https://stocksnap.io/photo/coastal-landscape-8IEKJZN1OV,"""Coastal Landscape"" by Sergei Gussev, CC0 1.0, via stocksnap"
49,False,05f4489a-cf99-4ce8-a2ad-d44108769eab,by-sa,2.0,inkknife_2000 (11 million views),"Lake Tahoe, NV, Sand Harbor (2) 9-2010",flickr,https://www.flickr.com/photos/23155134@N06/5759049867,"""Lake Tahoe, NV, Sand Harbor (2) 9-2010"" by inkknife_2000 (11 million views), CC BY-SA 2.0, via flickr"
97,False,281f7742-d6d7-4666-92df-a6da049abd3f,by,2.0,raneko,Tesla Roadster,flickr,https://www.flickr.com/photos/24926669@N07/7937262584,"""Tesla Roadster"" by raneko, CC BY 2.0, via flickr"
185,False,dc8f7aaa-857e-40d3-a9c6-e60e98269c88,by,2.0,waitscm,Daytime Boston,flickr,https://www.flickr.com/photos/78341140@N00/7800068752,"""Daytime Boston"" by waitscm, CC BY 2.0, via flickr"
92,False,e184de02-d7c7-4df5-98e9-ddd4aa1316ba,by,2.0,elminium,Kumamoto City Tram,flickr,https://www.flickr.com/photos/59407191@N04/7988379566,"""Kumamoto City Tram"" by elminium, CC BY 2.0, via flickr"
3,False,394f5916-4a4f-4940-80a8-1bf554588288,cc0,1.0,,Mountain Lake Landscape,rawpixel,https://www.rawpixel.com/image/5967545/mountain-lake-landscape,"""Mountain Lake Landscape"" by unknown, CC0 1.0, via rawpixel"
174,False,718ca941-b28c-45e2-ae6e-9c6ba9223ddf,by,2.5,Jeffrey M. Vinocur,Philadelphia skyline-daytime,wikimedia,https://commons.wikimedia.org/w/index.php?curid=722590,"""Philadelphia skyline-daytime"" by Jeffrey M. Vinocur, CC BY 2.5, via wikimedia"
258,False,db386f14-68da-4d88-95a2-4a11d4924ae8,by,2.0,Bold Frontiers,Ancient Sapphire Forest Trail,flickr,https://www.flickr.com/photos/82955120@N05/10430765615,"""Ancient Sapphire Forest Trail"" by Bold Frontiers, CC BY 2.0, via flickr"
156,False,7c05b0cc-be5f-481f-a7f3-19b2892f5c4f,by,2.0,Johnny Worthington,Mt Cotton Morning Fog,flickr,https://www.flickr.com/photos/31622626@N00/4842110431,"""Mt Cotton Morning Fog"" by Johnny Worthington, CC BY 2.0, via flickr"
105,False,f6c1d8f7-d313-4b55-8afc-f7b2f56133ff,by,2.0,heiwa4126,Ueno station,flickr,https://www.flickr.com/photos/57552634@N00/2346951555,"""Ueno station"" by heiwa4126, CC BY 2.0, via flickr"
40,False,07cc7638-9507-4bad-8430-cb34290a7bd9,by,2.0,David and Emma,sunset2,flickr,https://www.flickr.com/photos/34753322@N04/5749199215,"""sunset2"" by David and Emma, CC BY 2.0, via flickr"
