file,sha256,regime,score,person_frac,dof_log_ratio,license,license_version,license_url,title,creator,creator_url,source,landing_url,image_url,attribution,openverse_id,query,L_p01,L_p50,L_p99,shadow_frac,shadow_a,shadow_b,mid_a,mid_b,high_a,high_b,sat_mean,chroma_mean
0000_day_82ba3a93.jpg,623310e24cf751fd6861cbbf831c4802b19b5d6638e2967af441f9c9bab2370a,day,0.9059,0.641,1.024,by,2.0,https://creativecommons.org/licenses/by/2.0/,GS: Street Performer: The crawling stage.,iMorpheus,https://www.flickr.com/photos/48889077511@N01,flickr,https://www.flickr.com/photos/48889077511@N01/353392273,https://live.staticflickr.com/152/353392273_ecfc8cec77_b.jpg,"""GS: Street Performer: The crawling stage."" by iMorpheus, CC BY 2.0, via flickr",82ba3a93-3477-434d-80d7-4539d8c38fc8,tokyo street portrait night,4.575,48.801,79.374,0.321,4.448,-6.288,2.68,-7.28,-6.12,2.776,0.213,13.347
0001_day_864f96a3.jpg,1a37ba982b5f85545bfe9ca83d28113acbb2b793e162da0e19735345a8803d71,day,0.8702,0.33,1.504,by,2.0,https://creativecommons.org/licenses/by/2.0/,Light Leaks Upon,Nestor's Blurrylife,https://www.flickr.com/photos/7711906@N07,flickr,https://www.flickr.com/photos/7711906@N07/5339562798,https://live.staticflickr.com/5088/5339562798_1614e3022e.jpg,"""Light Leaks Upon"" by Nestor's Blurrylife, CC BY 2.0, via flickr",864f96a3-f322-43e2-8c0d-d67f4ec8ea75,seoul street portrait,4.132,54.522,96.325,0.186,0.86,-3.431,-0.297,-5.801,0.721,1.606,0.236,11.648
0002_night_26d36163.jpg,8d67b5e39f04ff8221ab2e5d044cb6253b758fbb2a0d80ba35c3e59ad8286362,night,0.8696,0.656,1.675,by,2.0,https://creativecommons.org/licenses/by/2.0/,6458-1,i.gorshkov,https://www.flickr.com/photos/134661509@N08,flickr,https://www.flickr.com/photos/134661509@N08/38985235391,https://live.staticflickr.com/4516/38985235391_415f74e7ea_b.jpg,"""6458-1"" by i.gorshkov, CC BY 2.0, via flickr",26d36163-ef93-4f1a-bf23-05e017d0e741,street portrait night neon,0.0,13.46,51.052,0.787,4.055,-7.058,1.886,-4.215,0.0,0.0,0.556,11.057
0003_day_1af503e3.jpg,8e8eb02474093153c1beecd1634ff2eb88dfed40f6e772bbc88e0a158c58ab6c,day,0.8093,0.896,2.011,by,2.0,https://creativecommons.org/licenses/by/2.0/,Aoyama Night Market,Dick Thomas Johnson,https://www.flickr.com/photos/31029865@N06,flickr,https://www.flickr.com/photos/31029865@N06/48061857763,https://live.staticflickr.com/65535/48061857763_cf9c61d796_b.jpg,"""Aoyama Night Market"" by Dick Thomas Johnson, CC BY 2.0, via flickr",1af503e3-d339-4468-973f-bd3432d0cc02,shibuya night portrait,2.198,60.592,89.744,0.369,0.322,-10.245,9.973,8.474,1.213,-0.047,0.299,9.877
0004_day_5e93ae3d.jpg,4b6a73497169bd1ae15ef238e8ead8b72dadb3b7728a585a35edf07805c9455f,day,0.8039,0.302,1.944,by,2.0,https://creativecommons.org/licenses/by/2.0/,Amaris K.,Justin Wolfe,https://www.flickr.com/photos/18167556@N05,flickr,https://www.flickr.com/photos/18167556@N05/7483836714,https://live.staticflickr.com/8168/7483836714_a698d6b681_b.jpg,"""Amaris K."" by Justin Wolfe, CC BY 2.0, via flickr",5e93ae3d-b3c1-4575-8f48-e1176c5df46e,portrait bokeh city,4.238,47.472,90.036,0.2,0.157,-3.102,4.694,5.285,0.792,2.882,0.201,8.591
0005_day_964b923c.jpg,47327c51c56ee58835d8dd7a25b6f2f45c7fa0e56fc57b2f3b6b6aca12769940,day,0.7969,0.552,0.65,by,2.0,https://creativecommons.org/licenses/by/2.0/,At his work,Patis Paton,https://www.flickr.com/photos/95198794@N00,flickr,https://www.flickr.com/photos/95198794@N00/14771347507,https://live.staticflickr.com/5578/14771347507_d21f4cbd36_b.jpg,"""At his work"" by Patis Paton, CC BY 2.0, via flickr",964b923c-6150-4e0d-bed7-514bba2a95a0,street portrait city daylight,1.959,52.024,94.447,0.349,2.92,-4.855,3.799,0.054,0.836,5.261,0.263,12.056
0006_day_6a40f0b0.jpg,bf975b4944668d5aa810b004189971541a47392d044a9d0bf04124265127e18c,day,0.7969,0.547,0.534,by,2.0,https://creativecommons.org/licenses/by/2.0/,Aoyama Night Market,Dick Thomas Johnson,https://www.flickr.com/photos/31029865@N06,flickr,https://www.flickr.com/photos/31029865@N06/48061940087,https://live.staticflickr.com/65535/48061940087_2e2baee918_b.jpg,"""Aoyama Night Market"" by Dick Thomas Johnson, CC BY 2.0, via flickr",6a40f0b0-4952-4220-a564-6017fa13eb85,shibuya night portrait,3.207,75.455,98.056,0.155,-0.894,-8.893,0.424,-1.484,0.111,2.509,0.218,9.961
0007_day_96b1c95f.jpg,6c99639864d9e908b8d908de5a4ef4c56354d513513f70613bcdb6b54d6683df,day,0.749,0.429,0.847,by,2.0,https://creativecommons.org/licenses/by/2.0/,"Deal - Button at the Seaside - Mar 2011 - He Was Cold, It Was Cold",Gareth1953 All Right Now,https://www.flickr.com/photos/40837632@N05,flickr,https://www.flickr.com/photos/40837632@N05/5548513100,https://live.staticflickr.com/5059/5548513100_142770cf5f_b.jpg,"""Deal - Button at the Seaside - Mar 2011 - He Was Cold, It Was Cold"" by Gareth1953 All Right Now, CC BY 2.0, via flickr",96b1c95f-2ffb-42e5-945e-23f25b4f580f,urban portrait evening,3.868,60.706,99.261,0.18,0.941,-0.177,-1.957,-6.588,-2.468,-0.553,0.195,9.026
0008_day_cf244d4a.jpg,8edbcffa88487d172f15ce48bfee3fcaa50f56f187987c20b51bb1034a6ce32a,day,0.746,0.258,0.85,by,2.0,https://creativecommons.org/licenses/by/2.0/,Amy,Khánh Hmoong,https://www.flickr.com/photos/7997148@N05,flickr,https://www.flickr.com/photos/7997148@N05/18406630075,https://live.staticflickr.com/8849/18406630075_185c0e7abc_b.jpg,"""Amy"" by Khánh Hmoong, CC BY 2.0, via flickr",cf244d4a-ac94-4e20-bb87-24f717c00e39,street portrait city daylight,4.671,52.802,98.224,0.296,2.037,5.981,-1.407,6.954,-1.146,0.873,0.196,6.631
0009_day_38f20451.jpg,f6a05e8312d1d41163916cb7fc29af16f23aaa462960b50ec544713b81896065,day,0.7419,0.534,1.167,by,2.0,https://creativecommons.org/licenses/by/2.0/,Amaris K.,Justin Wolfe,https://www.flickr.com/photos/18167556@N05,flickr,https://www.flickr.com/photos/18167556@N05/7485414582,https://live.staticflickr.com/7120/7485414582_63b903184f_b.jpg,"""Amaris K."" by Justin Wolfe, CC BY 2.0, via flickr",38f20451-5338-4818-b80d-8c46fb805917,portrait bokeh city,1.096,48.116,100.0,0.304,3.527,-1.543,4.927,1.882,-0.879,-0.037,0.212,8.381
0010_day_7669757c.jpg,8a56440b2ab9c6b17b362b9927b6c39596544d6900f1c9138583528b58d90460,day,0.737,0.479,1.346,by-sa,2.0,https://creativecommons.org/licenses/by-sa/2.0/,Vogue and pizza,colinlogan,https://www.flickr.com/photos/24918835@N03,flickr,https://www.flickr.com/photos/24918835@N03/5269938553,https://live.staticflickr.com/5084/5269938553_f864f6537a.jpg,"""Vogue and pizza"" by colinlogan, CC BY-SA 2.0, via flickr",7669757c-9f44-4241-86a3-861cd28c6827,street portrait stranger,1.133,53.144,92.448,0.2,-1.201,3.44,0.896,4.136,0.51,0.039,0.194,8.945
0011_day_9156998a.jpg,87f1532349f7dcfde150a9b5f348dc8c2fd5a3b03c767a430acd9887ac4d3ea1,day,0.7336,0.682,1.182,by-sa,2.0,https://creativecommons.org/licenses/by-sa/2.0/,...cigarettes.,colinlogan,https://www.flickr.com/photos/24918835@N03,flickr,https://www.flickr.com/photos/24918835@N03/5496664666,https://live.staticflickr.com/5137/5496664666_e04db9ba2a.jpg,"""...cigarettes."" by colinlogan, CC BY-SA 2.0, via flickr",9156998a-2683-4ea7-b760-b351698aa13b,street portrait stranger,5.332,51.468,100.0,0.176,4.3,-0.18,6.832,5.333,3.696,3.941,0.224,11.37
0012_day_a8f7b080.jpg,0f018a3a397621ed09a9e10b33a1a8be6c5ddff20c80e87482466dd6c308a8c8,day,0.7331,0.514,0.712,by,2.0,https://creativecommons.org/licenses/by/2.0/,131106 STB BN run,UNC - CFC - USFK,https://www.flickr.com/photos/35352823@N06,flickr,https://www.flickr.com/photos/35352823@N06/10702381354,https://live.staticflickr.com/7338/10702381354_3976881645_b.jpg,"""131106 STB BN run"" by UNC - CFC - USFK, CC BY 2.0, via flickr",a8f7b080-aaa1-4651-8e89-69063fe8ffad,seoul street portrait,7.71,52.327,99.95,0.088,-0.72,-3.018,0.795,-8.958,3.311,3.168,0.209,10.909
0013_night_376e16e2.jpg,2f3e02cad6daf464f11570a6d39ad1c532535e2e0250ce65b61bba1468bd4bc5,night,0.7287,0.464,1.025,by-sa,2.0,https://creativecommons.org/licenses/by-sa/2.0/,Cuban perfume,colinlogan,https://www.flickr.com/photos/24918835@N03,flickr,https://www.flickr.com/photos/24918835@N03/5248379515,https://live.staticflickr.com/5163/5248379515_34ca327955.jpg,"""Cuban perfume"" by colinlogan, CC BY-SA 2.0, via flickr",376e16e2-1998-4c99-a8ff-39f33258b473,night portrait city lights bokeh,0.431,4.191,90.822,0.687,2.403,-1.52,8.413,5.757,-7.617,-0.271,0.416,9.403
0014_day_1cfabfb8.jpg,86fcb6fd777e0726baa5b6f3bc09dffff1d11e6b9f19364adc4ac027d5a9ae43,day,0.7109,0.754,0.476,by-sa,2.0,https://creativecommons.org/licenses/by-sa/2.0/,Cologne to Adelaide,colinlogan,https://www.flickr.com/photos/24918835@N03,flickr,https://www.flickr.com/photos/24918835@N03/5262047978,https://live.staticflickr.com/5242/5262047978_a2522a393e.jpg,"""Cologne to Adelaide"" by colinlogan, CC BY-SA 2.0, via flickr",1cfabfb8-1399-45b1-8f30-8f985a7b7f54,street portrait stranger,6.309,55.477,99.901,0.165,1.937,-2.445,3.026,-1.294,-0.425,-0.724,0.144,7.368
0015_day_64677488.jpg,fbf0670756ccb4b39819127a4ecafb429e61e4afefecf75b52aab934c290ed32,day,0.7102,0.866,1.109,pdm,1.0,https://creativecommons.org/publicdomain/mark/1.0/,20120208-OSEC-LSC-0057,USDAgov,https://www.flickr.com/photos/41284017@N08,flickr,https://www.flickr.com/photos/41284017@N08/6844145615,https://live.staticflickr.com/7149/6844145615_e7dc17354e_b.jpg,"""20120208-OSEC-LSC-0057"" by USDAgov, Public Domain Mark, via flickr",64677488-2fc4-42b1-b69d-8eba3ef1d48d,environmental portrait street,2.092,41.705,88.108,0.312,0.835,-0.362,4.186,3.02,2.569,1.715,0.198,7.041
0016_day_9f248f5e.jpg,edc2c0ee16d04650addaeecedc913bb88b36618f350e788350d40adc71c1a7ec,day,0.7021,0.512,0.933,by-sa,2.0,https://creativecommons.org/licenses/by-sa/2.0/,...and...,colinlogan,https://www.flickr.com/photos/24918835@N03,flickr,https://www.flickr.com/photos/24918835@N03/5496073077,https://live.staticflickr.com/5092/5496073077_0d7c359324.jpg,"""...and..."" by colinlogan, CC BY-SA 2.0, via flickr",9f248f5e-a0a3-483b-adcd-d7eca57b71fd,street portrait stranger,0.588,47.538,90.44,0.305,1.67,2.882,4.603,4.088,2.875,2.41,0.226,9.452
0017_day_a742b07e.jpg,a0524cf5b420a31b353f208018b9787164d69dd42f0a4d8020cfdc13cbe12e87,day,0.697,0.64,2.818,by,2.0,https://creativecommons.org/licenses/by/2.0/,Aoyama Night Market,Dick Thomas Johnson,https://www.flickr.com/photos/31029865@N06,flickr,https://www.flickr.com/photos/31029865@N06/48061840051,https://live.staticflickr.com/65535/48061840051_66cc0881e4_b.jpg,"""Aoyama Night Market"" by Dick Thomas Johnson, CC BY 2.0, via flickr",a742b07e-4179-4664-9ea3-822967dc1821,shibuya night portrait,2.482,85.196,94.477,0.156,-1.406,-8.303,12.286,7.79,1.179,-0.599,0.235,11.259
0018_day_571ebfc6.jpg,2780ca3ea260b30a23839c5fa0eba63da50190e724cd628d468d9779fb0c1f24,day,0.6955,0.529,0.886,by,2.0,https://creativecommons.org/licenses/by/2.0/,Amaris K.,Justin Wolfe,https://www.flickr.com/photos/18167556@N05,flickr,https://www.flickr.com/photos/18167556@N05/7488624064,https://live.staticflickr.com/7246/7488624064_130d67e99f_b.jpg,"""Amaris K."" by Justin Wolfe, CC BY 2.0, via flickr",571ebfc6-2d8a-4499-b894-22e278797cf8,portrait bokeh city,0.569,43.777,92.579,0.308,3.098,-2.826,1.887,-2.307,0.079,-0.486,0.19,7.319
0019_day_9a94259a.jpg,c3a0d5364f4143938ddef25cf58eac9af8db6dea87d224717acb9085c13cbbe2,day,0.695,0.532,1.385,by,2.0,https://creativecommons.org/licenses/by/2.0/,Work and play in Kunduz [Image 4 of 5],DVIDSHUB,https://www.flickr.com/photos/28650594@N03,flickr,https://www.flickr.com/photos/28650594@N03/5364063813,https://live.staticflickr.com/5288/5364063813_9a94f75d46_b.jpg,"""Work and play in Kunduz [Image 4 of 5]"" by DVIDSHUB, CC BY 2.0, via flickr",9a94259a-165a-4bc7-ba62-2a0d0c9febcc,street portrait city daylight,4.018,65.72,100.0,0.276,0.485,-0.39,2.934,-7.941,-0.052,-4.92,0.186,9.555
0020_day_8677670b.jpg,6625e59f8c05efacda967ea61918f903cf31486eac35c38a4710fddb6e7d4306,day,0.6919,0.447,0.881,by,2.0,https://creativecommons.org/licenses/by/2.0/,dangle,istolethetv,https://www.flickr.com/photos/44124401641@N01,flickr,https://www.flickr.com/photos/44124401641@N01/4882760736,https://live.staticflickr.com/4096/4882760736_21b8eec8f0_b.jpg,"""dangle"" by istolethetv, CC BY 2.0, via flickr",8677670b-ba01-4cec-bb1c-e30c7860295e,street portrait city daylight,2.38,61.92,94.126,0.203,1.475,0.712,2.908,3.178,1.314,7.914,0.208,11.33
0021_day_77307f1a.jpg,e2581ab997fbbc633489ffbba55f6f236d9088c8e8fab56f701b7fee90ca8cb8,day,0.6912,0.355,0.201,by,2.0,https://creativecommons.org/licenses/by/2.0/,Play that funky music white boy,AMELIA SPEED,https://www.flickr.com/photos/38785544@N03,flickr,https://www.flickr.com/photos/38785544@N03/3734179669,https://live.staticflickr.com/2460/3734179669_e8da33003d_b.jpg,"""Play that funky music white boy"" by AMELIA SPEED, CC BY 2.0, via flickr",77307f1a-b855-45dd-9807-bccea09cadc9,urban portrait evening,2.826,38.918,88.761,0.286,7.468,-9.766,5.128,6.366,-7.171,3.458,0.306,12.095
0022_day_85787fb8.jpg,080f1a5fba49cf04cca274dd169155042a6ab1c55d419ee7eee0c7691ea33676,day,0.687,0.63,0.987,by-sa,2.0,https://creativecommons.org/licenses/by-sa/2.0/,Librarian,colinlogan,https://www.flickr.com/photos/24918835@N03,flickr,https://www.flickr.com/photos/24918835@N03/5453792804,https://live.staticflickr.com/5295/5453792804_d926144400.jpg,"""Librarian"" by colinlogan, CC BY-SA 2.0, via flickr",85787fb8-c28f-4201-87fa-27b2223a9f35,street portrait stranger,1.41,46.404,98.988,0.192,4.083,-0.213,5.724,4.408,2.459,-0.48,0.191,8.458
0023_day_5f5774a8.jpg,46e6e93d2b70cdb720bfc80ff45f801eaab51c6659bb4c1a9624bc72a2f0cc50,day,0.6823,0.545,1.227,by-sa,2.0,https://creativecommons.org/licenses/by-sa/2.0/,Abuja Street Portrait,Mark Fischer,https://www.flickr.com/photos/80854685@N08,flickr,https://www.flickr.com/photos/80854685@N08/16360022790,https://live.staticflickr.com/65535/16360022790_a9d4275b74_b.jpg,"""Abuja Street Portrait"" by Mark Fischer, CC BY-SA 2.0, via flickr",5f5774a8-e943-4737-a730-62093b71e2b0,environmental portrait street,5.348,54.249,92.698,0.134,0.43,3.147,1.179,10.753,0.604,10.592,0.249,11.988
0024_day_7bcd43f5.jpg,2f633180bf5638ea050024dc34d6f0d49e3360340356376104bfdce801879b3e,day,0.6786,0.438,0.77,cc0,1.0,https://creativecommons.org/publicdomain/zero/1.0/,Asian Amateur Tiffany - Sexy Grey Button Down Shirt Steamy Street Food Portrait,tiffanyartistmodel,https://www.flickr.com/photos/194724223@N02,flickr,https://www.flickr.com/photos/194724223@N02/55233222990,https://live.staticflickr.com/65535/55233222990_5a2bdfbc03_b.jpg,"""Asian Amateur Tiffany - Sexy Grey Button Down Shirt Steamy Street Food Portrait"" by tiffanyartistmodel, CC0 1.0, via flickr",7bcd43f5-440f-4180-89e1-4db2b305660a,seoul street portrait,4.144,62.6,98.781,0.221,1.27,1.216,3.779,10.217,-0.149,18.759,0.212,13.443
0025_day_fca35131.jpg,872562b0515dd8291ac6f7041bb0be28b6cbf93af8270f6aced15c83f97a9e63,day,0.6727,0.862,0.735,by-sa,2.0,https://creativecommons.org/licenses/by-sa/2.0/,Curls,colinlogan,https://www.flickr.com/photos/24918835@N03,flickr,https://www.flickr.com/photos/24918835@N03/5511471681,https://live.staticflickr.com/5179/5511471681_73797f5b6b.jpg,"""Curls"" by colinlogan, CC BY-SA 2.0, via flickr",fca35131-9317-4ad5-9187-3690de92fab4,street portrait stranger,5.02,39.513,100.0,0.225,-2.779,2.289,0.009,8.683,3.748,2.816,0.236,12.289
0026_day_dc4effb5.jpg,255c2bdba95ff87a7b68c5180ee606134480dd257da5749ee49ca7340330a149,day,0.6706,0.13,0.31,by,2.0,https://creativecommons.org/licenses/by/2.0/,Stranger #12/100: Ayu,Johnragai-Moment Catcher,https://www.flickr.com/photos/40642065@N06,flickr,https://www.flickr.com/photos/40642065@N06/8648941446,https://live.staticflickr.com/8401/8648941446_2c295bcb25_b.jpg,"""Stranger #12/100: Ayu"" by Johnragai-Moment Catcher, CC BY 2.0, via flickr",dc4effb5-b95b-4b42-803f-f567cb836446,environmental portrait street,3.342,44.547,100.0,0.268,3.705,-1.003,6.788,-8.038,0.54,1.195,0.264,14.085
0027_night_e9bdd9e4.jpg,b10af0f14b0774661e605b2172982197e6ee49086382d31dd8e197d2cc3ffa4c,night,0.6696,0.311,0.813,by-sa,2.0,https://creativecommons.org/licenses/by-sa/2.0/,Lovely widow,colinlogan,https://www.flickr.com/photos/24918835@N03,flickr,https://www.flickr.com/photos/24918835@N03/5483933671,https://live.staticflickr.com/5220/5483933671_6da38366e8.jpg,"""Lovely widow"" by colinlogan, CC BY-SA 2.0, via flickr",e9bdd9e4-1df9-4fdb-afcf-ac71555795e1,street portrait stranger,0.157,24.1,99.709,0.507,2.833,1.021,5.821,4.141,0.336,0.88,0.343,9.041
0028_day_666da758.jpg,b904aae5c5d4e267cd0ae1a8e333a46f5e2711f6a1314222e283ebef02db2ac5,day,0.664,0.454,0.833,by,2.0,https://creativecommons.org/licenses/by/2.0/,Aoyama Night Market,Dick Thomas Johnson,https://www.flickr.com/photos/31029865@N06,flickr,https://www.flickr.com/photos/31029865@N06/48061943582,https://live.staticflickr.com/65535/48061943582_f9914279ed_b.jpg,"""Aoyama Night Market"" by Dick Thomas Johnson, CC BY 2.0, via flickr",666da758-6006-4748-a497-6e6b3fac150d,shibuya night portrait,1.972,88.085,97.709,0.28,0.276,-9.817,11.28,6.676,-0.257,-0.522,0.227,7.828
0029_day_34756057.jpg,5870f5206fd831e97810848d4a930d107ad32d728008d6c7f2aafd30e0f5a851,day,0.6623,0.597,0.948,by-sa,2.0,https://creativecommons.org/licenses/by-sa/2.0/,Shy girlfriend,colinlogan,https://www.flickr.com/photos/24918835@N03,flickr,https://www.flickr.com/photos/24918835@N03/5267617020,https://live.staticflickr.com/5010/5267617020_4f9bb983ec.jpg,"""Shy girlfriend"" by colinlogan, CC BY-SA 2.0, via flickr",34756057-824b-440b-889d-73dbdd6283fc,street portrait bokeh,1.44,43.775,96.548,0.319,2.631,0.97,5.899,8.434,2.184,2.944,0.207,8.985
0030_day_6e44033e.jpg,4a4eb18acd9733be027242af55955e63d26c4aafdd1225b95d96ef5fca389441,day,0.6623,0.684,0.186,by,2.0,https://creativecommons.org/licenses/by/2.0/,ali_shisha,xb3,https://www.flickr.com/photos/36699336@N00,flickr,https://www.flickr.com/photos/36699336@N00/31495572,https://live.staticflickr.com/21/31495572_41622c8537.jpg,"""ali_shisha"" by xb3, CC BY 2.0, via flickr",6e44033e-d76b-4400-93aa-bf51e582dde0,street portrait city daylight,0.392,61.165,100.0,0.289,5.126,3.568,3.679,-0.254,2.425,-0.576,0.265,9.485
0031_day_e504fc77.jpg,d19003efd988a36e672028855441f983a4d28fd28fa4d026423ae68e6649d184,day,0.6621,0.388,0.752,by-sa,2.0,https://creativecommons.org/licenses/by-sa/2.0/,Heart,colinlogan,https://www.flickr.com/photos/24918835@N03,flickr,https://www.flickr.com/photos/24918835@N03/5227313353,https://live.staticflickr.com/5163/5227313353_259304545f.jpg,"""Heart"" by colinlogan, CC BY-SA 2.0, via flickr",e504fc77-0b2a-4ff4-ad7c-185658a1acca,street portrait bokeh,1.696,59.743,99.31,0.175,-1.679,6.169,-3.276,13.134,-0.204,3.742,0.278,14.776
0032_night_5dd57d37.jpg,2269767fc7e171fa893899eacf62818cda79cd355970193fb4f6ea8f4b055917,night,0.6591,0.974,0.215,cc0,1.0,https://creativecommons.org/publicdomain/zero/1.0/,Asian Amateur Tiffany - Sexy Nighttime City Street Portrait,tiffanyartistmodel,https://www.flickr.com/photos/194724223@N02,flickr,https://www.flickr.com/photos/194724223@N02/55233222955,https://live.staticflickr.com/65535/55233222955_ba9004f3b0_b.jpg,"""Asian Amateur Tiffany - Sexy Nighttime City Street Portrait"" by tiffanyartistmodel, CC0 1.0, via flickr",5dd57d37-c74d-46e6-8dbf-47d2f44675a6,hong kong portrait night,3.216,9.925,92.998,0.704,5.574,3.393,5.782,2.093,-2.285,-0.689,0.478,13.005
0033_day_9fab9c1b.jpg,f2df879b8be72f1328ae846397c5db85fbac35576b28741509abdd98467670b5,day,0.659,0.734,0.771,by-sa,2.0,https://creativecommons.org/licenses/by-sa/2.0/,Stuck in the park,colinlogan,https://www.flickr.com/photos/24918835@N03,flickr,https://www.flickr.com/photos/24918835@N03/5350451373,https://live.staticflickr.com/5128/5350451373_ecf52c4239.jpg,"""Stuck in the park"" by colinlogan, CC BY-SA 2.0, via flickr",9fab9c1b-26b2-4620-8293-e7764c9a266b,street portrait stranger,2.736,56.562,88.961,0.167,3.539,2.567,-4.618,3.338,-1.32,-1.819,0.297,15.482
0034_day_898f33bc.jpg,1267cfc000c6684d2ecb4b0744ec26c8d089e35f00974f5008fe13a16e6ed527,day,0.6519,0.367,0.247,by,2.0,https://creativecommons.org/licenses/by/2.0/,London Heathrow - Mar 2012 - Daughter Pleased To Be Home,Gareth1953 All Right Now,https://www.flickr.com/photos/40837632@N05,flickr,https://www.flickr.com/photos/40837632@N05/6875747678,https://live.staticflickr.com/6220/6875747678_54288d7725_b.jpg,"""London Heathrow - Mar 2012 - Daughter Pleased To Be Home"" by Gareth1953 All Right Now, CC BY 2.0, via flickr",898f33bc-ca48-450e-b90e-5e0b1537f365,urban portrait evening,0.951,54.284,100.0,0.172,2.665,0.863,1.852,1.853,-0.646,2.136,0.178,8.287
0035_day_19413ebb.jpg,621f59d8b245506a53cc655a4e72367ad552c73df2f2fb39a55c49bd39737a99,day,0.6515,0.822,0.166,by,2.0,https://creativecommons.org/licenses/by/2.0/,John Axsen,SFU - Communications & Marketing,https://www.flickr.com/photos/45160304@N02,flickr,https://www.flickr.com/photos/45160304@N02/10348687004,https://live.staticflickr.com/5485/10348687004_97a6d94034_b.jpg,"""John Axsen"" by SFU - Communications & Marketing, CC BY 2.0, via flickr",19413ebb-f33c-477f-8973-bab5650466ba,environmental portrait street,5.44,36.524,100.0,0.36,0.344,-4.379,2.425,5.006,-0.182,3.84,0.287,12.926
0036_night_689b06f7.jpg,e0d96fc6452e25da511df62d655fa414283a8cfc6220ead43b5ac485a154d028,night,0.65,0.708,0.583,cc0,1.0,https://creativecommons.org/publicdomain/zero/1.0/,Asian Amateur Tiffany - Sexy Nighttime City Street Portrait,tiffanyartistmodel,https://www.flickr.com/photos/194724223@N02,flickr,https://www.flickr.com/photos/194724223@N02/55233060614,https://live.staticflickr.com/65535/55233060614_f3c61d1f50_b.jpg,"""Asian Amateur Tiffany - Sexy Nighttime City Street Portrait"" by tiffanyartistmodel, CC0 1.0, via flickr",689b06f7-8d79-4d86-a7b5-988bcb590842,hong kong portrait night,2.158,9.972,94.748,0.784,5.605,7.172,4.416,11.197,0.15,5.384,0.53,10.018
0037_day_a99e4e5d.jpg,ea03bd629d637d14c71107d015b7a6d78ae5777e2703daa706e7ea684399e2b4,day,0.6491,0.744,0.98,by-sa,2.0,https://creativecommons.org/licenses/by-sa/2.0/,Trilby,colinlogan,https://www.flickr.com/photos/24918835@N03,flickr,https://www.flickr.com/photos/24918835@N03/5389682650,https://live.staticflickr.com/5131/5389682650_a324969167.jpg,"""Trilby"" by colinlogan, CC BY-SA 2.0, via flickr",a99e4e5d-2abe-44a6-a66a-c0ee74a566d9,street portrait stranger,1.667,60.917,94.547,0.247,3.911,-0.316,8.924,4.85,5.755,5.717,0.237,10.935
0038_day_64795156.jpg,daa9f096c490f24dd0a9375f2a9f0f8bba3706e410c71d67d0fb53b75371273e,day,0.6466,0.186,1.042,by,2.0,https://creativecommons.org/licenses/by/2.0/,Andy #062,The Urban Scot,https://www.flickr.com/photos/57676038@N06,flickr,https://www.flickr.com/photos/57676038@N06/8736184052,https://live.staticflickr.com/7285/8736184052_7f75ba1701_b.jpg,"""Andy #062"" by The Urban Scot, CC BY 2.0, via flickr",64795156-fe02-4add-a0c4-9767c601c606,urban portrait evening,0.0,51.688,90.022,0.126,4.523,1.791,5.87,4.907,2.03,-2.108,0.197,9.498
0039_day_676b6542.jpg,ff203bb629b240bc49ab3378b1614ba203466831b6bdc92aec0dcca657e52632,day,0.6459,0.61,1.165,by-sa,2.0,https://creativecommons.org/licenses/by-sa/2.0/,Cheering,kohlmann.sascha,https://www.flickr.com/photos/96323831@N06,flickr,https://www.flickr.com/photos/96323831@N06/9546007436,https://live.staticflickr.com/7375/9546007436_be533e7136_b.jpg,"""Cheering"" by kohlmann.sascha, CC BY-SA 2.0, via flickr",676b6542-f74b-4ffe-ba84-b5169f7aa28f,street portrait bokeh,3.838,49.951,98.272,0.151,3.372,-0.042,2.194,-2.407,1.695,-3.864,0.123,6.151
0040_day_797b01f1.jpg,f9ecf285ad70f62a1e7e8e577e77d48d08ba8d120e9507207c31d694d20969ab,day,0.6455,0.513,1.926,by,2.0,https://creativecommons.org/licenses/by/2.0/,'Portrait' wide open; Olympus 45mm f/1.8 on E-P3,soelin,https://www.flickr.com/photos/29953239@N07,flickr,https://www.flickr.com/photos/29953239@N07/6228897384,https://live.staticflickr.com/6060/6228897384_6dd785f1b2_b.jpg,"""'Portrait' wide open; Olympus 45mm f/1.8 on E-P3"" by soelin, CC BY 2.0, via flickr",797b01f1-903d-4fb0-ac6a-285faaeee96e,street portrait shallow depth of field,3.633,52.509,94.656,0.329,2.696,0.24,20.421,10.599,2.609,-2.393,0.224,13.864
0041_day_ebdbe0af.jpg,27dee11fe6a9008e4ccf01854485447743476ca43d349c0cb920496456730263,day,0.6452,0.712,0.958,by,2.0,https://creativecommons.org/licenses/by/2.0/,anit_e2004010900144,bayerberg,https://www.flickr.com/photos/10127072@N04,flickr,https://www.flickr.com/photos/10127072@N04/3405261168,https://live.staticflickr.com/3463/3405261168_061e36aa7c_b.jpg,"""anit_e2004010900144"" by bayerberg, CC BY 2.0, via flickr",ebdbe0af-68fb-4689-a2a1-6d1a4e396cb1,environmental portrait street,0.685,50.476,92.674,0.217,2.785,0.396,0.05,4.617,-0.976,3.541,0.167,7.152
0042_day_05f570b2.jpg,2d47e2c7dcb962bcb6ad6d8f2b1e0bc2fe3286ccb0f2ab33a72d6ad2fcb13cad,day,0.6452,0.465,0.137,by,2.0,https://creativecommons.org/licenses/by/2.0/,Kids,&_yo,https://www.flickr.com/photos/68532915@N00,flickr,https://www.flickr.com/photos/68532915@N00/2167212054,https://live.staticflickr.com/2326/2167212054_531b43e2d2_b.jpg,"""Kids"" by &_yo, CC BY 2.0, via flickr",05f570b2-bf29-4630-86fd-4dd5913f3575,street portrait city daylight,2.883,58.035,100.0,0.143,-0.519,1.333,1.633,5.696,-0.014,3.06,0.144,7.176
0043_day_133aa8a2.jpg,050f1a9403fb4c6e7973b919fdeaa3d205d22e2dda2e21f71f57733c7c8f6de0,day,0.6417,0.722,0.725,by-sa,2.0,https://creativecommons.org/licenses/by-sa/2.0/,Indian accent,colinlogan,https://www.flickr.com/photos/24918835@N03,flickr,https://www.flickr.com/photos/24918835@N03/5234459648,https://live.staticflickr.com/5246/5234459648_d23dae030d.jpg,"""Indian accent"" by colinlogan, CC BY-SA 2.0, via flickr",133aa8a2-d172-4059-8ce3-cfb563667711,street portrait stranger,1.507,37.054,93.525,0.386,3.301,1.441,4.358,5.759,2.781,2.157,0.203,7.721
0044_night_5a17e824.jpg,a4fe31ce1cf8ca3fee35b3d307a82eb36f3889c347460d508bf63016be7ad266,night,0.6369,0.732,0.681,by,2.0,https://creativecommons.org/licenses/by/2.0/,Fanatic presents Tamariba Night vol.3,Dick Thomas Johnson,https://www.flickr.com/photos/31029865@N06,flickr,https://www.flickr.com/photos/31029865@N06/46515506414,https://live.staticflickr.com/7895/46515506414_58eeb0fed5_b.jpg,"""Fanatic presents Tamariba Night vol.3"" by Dick Thomas Johnson, CC BY 2.0, via flickr",5a17e824-f987-434c-a89e-e66b5a636974,shibuya night portrait,0.685,23.008,94.626,0.527,3.779,1.872,4.59,10.209,2.831,3.675,0.359,13.986
0045_night_5344ca41.jpg,a0618c898703ca5b5a0c2cb29d195466e3d1f04e31404b76a2a564ad1b50fb9f,night,0.6291,0.343,0.528,by,2.0,https://creativecommons.org/licenses/by/2.0/,A Hard Job,Stewart,https://www.flickr.com/photos/12037949632@N01,flickr,https://www.flickr.com/photos/12037949632@N01/168753328,https://live.staticflickr.com/78/168753328_a5415c74b5_b.jpg,"""A Hard Job"" by Stewart, CC BY 2.0, via flickr",5344ca41-af76-4d57-a358-b5c924392ba8,neon portrait,0.0,19.224,99.383,0.561,2.758,4.043,8.288,23.841,5.14,13.564,0.468,13.975
0046_day_e3dc7dbd.jpg,bbc5d0a044599319226072d34a6e1fbbe2c947f5424393a5edb01c4b04cf07fe,day,0.6257,0.462,0.216,by,2.0,https://creativecommons.org/licenses/by/2.0/,Cosmin - Hong Kong,bortescristian,https://www.flickr.com/photos/79653482@N00,flickr,https://www.flickr.com/photos/79653482@N00/4511475842,https://live.staticflickr.com/4022/4511475842_910cef6b70_b.jpg,"""Cosmin - Hong Kong"" by bortescristian, CC BY 2.0, via flickr",e3dc7dbd-4e5b-4af3-847c-2ba76c59b386,hong kong portrait night,2.742,52.886,100.0,0.33,0.793,-2.708,1.681,-0.934,-0.516,4.657,0.125,6.594
0047_day_554d455e.jpg,9b90048ff09ed02ee6feaff0a4239c065e9510aee9a5f3d33514dbd2c9eaa426,day,0.6229,0.581,1.195,by,2.0,https://creativecommons.org/licenses/by/2.0/,Aoyama Night Market,Dick Thomas Johnson,https://www.flickr.com/photos/31029865@N06,flickr,https://www.flickr.com/photos/31029865@N06/48061848131,https://live.staticflickr.com/65535/48061848131_3830df3086_b.jpg,"""Aoyama Night Market"" by Dick Thomas Johnson, CC BY 2.0, via flickr",554d455e-7cd6-437e-af38-10f099b3dd14,shibuya night portrait,2.46,88.237,97.554,0.185,1.114,-19.941,2.839,-19.089,-1.193,-1.634,0.319,11.275
0048_day_0e8adad5.jpg,a22d1746533a5357f85ce75d5d908e8aa7f27e84c98ae01dfe99125220662e04,day,0.6224,0.575,1.533,by,2.0,https://creativecommons.org/licenses/by/2.0/,6432-1,i.gorshkov,https://www.flickr.com/photos/134661509@N08,flickr,https://www.flickr.com/photos/134661509@N08/25114344658,https://live.staticflickr.com/4566/25114344658_0c329041c2_b.jpg,"""6432-1"" by i.gorshkov, CC BY 2.0, via flickr",0e8adad5-4b95-4b23-a3d1-571414dd7d64,street portrait night neon,0.314,46.813,99.26,0.351,2.278,-2.631,7.644,1.795,1.302,4.431,0.295,8.356
0049_day_c716405f.jpg,fcabf0071e5e0f52fedc66b752f4f6794ba48431f4b356640f01cca71c55e3d0,day,0.6224,0.722,1.23,by,2.0,https://creativecommons.org/licenses/by/2.0/,05.CYC.SWWM.SW.WDC.31mar06,Elvert Barnes,https://www.flickr.com/photos/95413346@N00,flickr,https://www.flickr.com/photos/95413346@N00/441700481,https://live.staticflickr.com/178/441700481_a5102479ce_b.jpg,"""05.CYC.SWWM.SW.WDC.31mar06"" by Elvert Barnes, CC BY 2.0, via flickr",c716405f-c79b-4c29-845f-0bb8ddd0c8e3,portrait cherry blossom street,4.856,55.094,84.324,0.242,0.792,4.818,8.471,7.983,12.431,11.204,0.236,11.985
0050_day_491460c3.jpg,7e211a54c332a62328f4113e2c7e78c762eb4453b990e0022592dbc18f026247,day,0.622,0.232,0.682,by,2.0,https://creativecommons.org/licenses/by/2.0/,Fanatic presents Tamariba Night vol.3,Dick Thomas Johnson,https://www.flickr.com/photos/31029865@N06,flickr,https://www.flickr.com/photos/31029865@N06/46314681485,https://live.staticflickr.com/7910/46314681485_c01853efe2_b.jpg,"""Fanatic presents Tamariba Night vol.3"" by Dick Thomas Johnson, CC BY 2.0, via flickr",491460c3-80ed-4f2c-a00e-d8cc7a470eea,shibuya night portrait,14.182,70.934,100.0,0.043,0.295,-8.546,3.193,-21.639,0.728,-7.15,0.272,17.732
0051_night_0f5a192e.jpg,82d1115f901e1430262d69e4bbbaf17d4c6b5b2a77712296741a0e94ddac1bca,night,0.6162,0.219,0.526,by-sa,2.0,https://creativecommons.org/licenses/by-sa/2.0/,Neon,learning_machine,https://www.flickr.com/photos/85300246@N06,flickr,https://www.flickr.com/photos/85300246@N06/8120269210,https://live.staticflickr.com/8047/8120269210_c09061f7e9_b.jpg,"""Neon"" by learning_machine, CC BY-SA 2.0, via flickr",0f5a192e-e591-4b6f-943a-b6ab82119364,street portrait night neon,0.904,17.146,97.903,0.627,12.086,-2.335,19.964,-20.924,-3.282,-3.856,0.632,21.79
0052_day_3965bd4f.jpg,10be938aa56ace562fb60db33f6aa9568227c9123699cab76a42837257dfd44d,day,0.6144,0.506,1.123,by,2.0,https://creativecommons.org/licenses/by/2.0/,Hanh Dung xinh,linh.ngan,https://www.flickr.com/photos/75199686@N00,flickr,https://www.flickr.com/photos/75199686@N00/3525978718,https://live.staticflickr.com/3309/3525978718_ee09ef8b66.jpg,"""Hanh Dung xinh"" by linh.ngan, CC BY 2.0, via flickr",3965bd4f-d248-43f5-a64e-7fc40ba9f19c,street portrait bokeh,0.946,46.281,99.686,0.168,-1.635,-6.213,-5.297,0.216,-3.692,7.611,0.244,8.132
0053_day_84be3c9e.jpg,d9cc7545c9ff1abe8bbfe5b8bc8b3dc977fccee6952a6937c5374a59a8a57007,day,0.6115,0.245,0.795,by-sa,2.0,https://creativecommons.org/licenses/by-sa/2.0/,La gita a Roma [2],Un ragazzo chiamato Bi,https://www.flickr.com/photos/57688343@N00,flickr,https://www.flickr.com/photos/57688343@N00/5633998175,https://live.staticflickr.com/5262/5633998175_cde4a9bf4a.jpg,"""La gita a Roma [2]"" by Un ragazzo chiamato Bi, CC BY-SA 2.0, via flickr",84be3c9e-47a5-47b5-9efc-432e7b68410e,street portrait bokeh,0.0,56.441,93.427,0.23,0.551,-1.5,0.222,-9.33,-5.535,-13.409,0.258,11.27
0054_day_074ac754.jpg,67d16a9fceda8ea7d3d76407bd8d54b851ec23b5ae51c8e25bf47b2ddfead7bd,day,0.6107,0.351,2.203,by,2.0,https://creativecommons.org/licenses/by/2.0/,Fanatic presents Tamariba Night vol.3,Dick Thomas Johnson,https://www.flickr.com/photos/31029865@N06,flickr,https://www.flickr.com/photos/31029865@N06/47177125282,https://live.staticflickr.com/7814/47177125282_6d8d025e51_b.jpg,"""Fanatic presents Tamariba Night vol.3"" by Dick Thomas Johnson, CC BY 2.0, via flickr",074ac754-eeeb-4ce9-9a15-2d2586acfae9,shibuya night portrait,11.849,68.589,100.0,0.076,7.778,-10.936,5.691,-16.6,0.719,-5.663,0.277,17.941
0055_day_cd8be899.jpg,26c904fa09d1a2417888231b9c37dcab1889511b7d187084004c79338f189494,day,0.6092,0.288,0.073,by,2.0,https://creativecommons.org/licenses/by/2.0/,Macy's,vonSchnauzer,https://www.flickr.com/photos/38027221@N08,flickr,https://www.flickr.com/photos/38027221@N08/3739891136,https://live.staticflickr.com/2575/3739891136_63abfe4a10.jpg,"""Macy's"" by vonSchnauzer, CC BY 2.0, via flickr",cd8be899-1f7d-4656-a78b-120224aff4a5,portrait bokeh city,0.157,36.998,99.805,0.349,5.556,-7.643,1.056,3.478,-3.874,3.916,0.297,11.72
0056_day_74d7f715.jpg,5f3cbdb81eb205c74ae7b99f17791eb3e4f828938dad03716e528f7d19e07bf1,day,0.6085,0.341,1.251,by,2.0,https://creativecommons.org/licenses/by/2.0/,Aoyama Night Market,Dick Thomas Johnson,https://www.flickr.com/photos/31029865@N06,flickr,https://www.flickr.com/photos/31029865@N06/48061855311,https://live.staticflickr.com/65535/48061855311_6b15615228_b.jpg,"""Aoyama Night Market"" by Dick Thomas Johnson, CC BY 2.0, via flickr",74d7f715-2b60-4ddc-a65e-27dd2d8beb14,shibuya night portrait,2.68,93.24,97.015,0.155,-0.014,-13.444,8.184,-10.491,-0.828,-1.117,0.185,7.512
0057_day_13f4b6f2.jpg,10e48d9e22abe09c29e0f8ff22cc7415ab3f5957512dfd43f5ee26e93da0120b,day,0.6074,0.557,1.095,by-sa,2.0,https://creativecommons.org/licenses/by-sa/2.0/,@jritch,James Willamor,https://www.flickr.com/photos/81464596@N00,flickr,https://www.flickr.com/photos/81464596@N00/3455082738,https://live.staticflickr.com/3362/3455082738_d062997834_b.jpg,"""@jritch"" by James Willamor, CC BY-SA 2.0, via flickr",13f4b6f2-3169-4239-b049-8c7eed1d0810,environmental portrait street,2.174,49.182,93.37,0.157,7.696,6.19,7.337,2.611,3.467,-6.002,0.255,13.448
0058_day_81355780.jpg,3860e74d92eb99a3bd52383cc0f407ba72d594676acbd057ce3731a12f9854ed,day,0.6062,0.185,0.99,by-sa,2.0,https://creativecommons.org/licenses/by-sa/2.0/,Laundry,christian.senger,https://www.flickr.com/photos/30928442@N08,flickr,https://www.flickr.com/photos/30928442@N08/5905853755,https://live.staticflickr.com/5155/5905853755_1fb3d95280_b.jpg,"""Laundry"" by christian.senger, CC BY-SA 2.0, via flickr",81355780-3dc4-477d-856a-3f6366c39a4e,neon portrait,0.373,62.617,98.472,0.124,-1.513,0.328,-5.528,11.773,-2.715,3.083,0.203,11.057
0059_day_4065ec3c.jpg,27b5528e660e78971accb1dd177fdebb5b00e710632a1142de648ca846e79101,day,0.6058,0.822,1.839,by,2.0,https://creativecommons.org/licenses/by/2.0/,Aoyama Night Market,Dick Thomas Johnson,https://www.flickr.com/photos/31029865@N06,flickr,https://www.flickr.com/photos/31029865@N06/48061899533,https://live.staticflickr.com/65535/48061899533_af25d76b6a_b.jpg,"""Aoyama Night Market"" by Dick Thomas Johnson, CC BY 2.0, via flickr",4065ec3c-7f08-4a95-8d94-6b452546035c,shibuya night portrait,2.009,70.677,95.552,0.263,2.301,-22.137,4.445,-21.114,0.638,0.166,0.455,16.282
0060_day_b26f438e.jpg,b3b4b44cf000aa200a63231c84e6da943339e1d11ba68d8b2b04f177742bad84,day,0.6053,0.536,0.458,by,2.0,https://creativecommons.org/licenses/by/2.0/,squeeze,jenny downing,https://www.flickr.com/photos/7941044@N06,flickr,https://www.flickr.com/photos/7941044@N06/11883744495,https://live.staticflickr.com/7429/11883744495_396e76257b_b.jpg,"""squeeze"" by jenny downing, CC BY 2.0, via flickr",b26f438e-6322-4e4d-9f67-0d012a4a5fd3,street portrait bokeh,0.861,40.003,96.089,0.356,1.345,-0.056,1.891,7.195,-0.091,3.453,0.258,10.19
0061_day_383fde5f.jpg,54cce76bc2e13746d65696260f9afd6d4082e0d1708fc617b9ad54e78f2353a7,day,0.5948,0.333,1.204,by,2.0,https://creativecommons.org/licenses/by/2.0/,6437-1,i.gorshkov,https://www.flickr.com/photos/134661509@N08,flickr,https://www.flickr.com/photos/134661509@N08/25114342488,https://live.staticflickr.com/4528/25114342488_64458181e4_b.jpg,"""6437-1"" by i.gorshkov, CC BY 2.0, via flickr",383fde5f-2e67-4384-86e2-ba83b6d36ab5,street portrait night neon,0.059,45.134,96.997,0.366,2.271,-7.069,1.458,-6.921,1.118,6.601,0.425,12.891
0062_day_a26dbda7.jpg,280c6f957af40407abf6f35538835490382f19cf7d131b28b8ff70b530429349,day,0.5924,0.633,0.954,by-sa,2.0,https://creativecommons.org/licenses/by-sa/2.0/,Abuja Boys,Mark Fischer,https://www.flickr.com/photos/80854685@N08,flickr,https://www.flickr.com/photos/80854685@N08/16520361867,https://live.staticflickr.com/65535/16520361867_f19b830857_b.jpg,"""Abuja Boys"" by Mark Fischer, CC BY-SA 2.0, via flickr",a26dbda7-1348-4f5e-b75a-07489014c840,environmental portrait street,1.625,61.267,78.731,0.22,3.499,8.135,3.459,23.804,-2.143,13.282,0.35,18.426
0063_day_9e7469cc.jpg,59753bc4fdd95b39321c82b0998b59d3d91da716b5eb1fdcce5bc7688221db37,day,0.5906,0.69,0.576,by-sa,2.0,https://creativecommons.org/licenses/by-sa/2.0/,Tippy toes,colinlogan,https://www.flickr.com/photos/24918835@N03,flickr,https://www.flickr.com/photos/24918835@N03/5507327901,https://live.staticflickr.com/5180/5507327901_9ac50b5eea.jpg,"""Tippy toes"" by colinlogan, CC BY-SA 2.0, via flickr",9e7469cc-c031-4f70-9f2e-00637771e766,street portrait stranger,1.097,65.38,94.399,0.235,4.26,3.153,11.687,12.58,1.713,2.771,0.261,12.807
0064_day_3a2a440c.jpg,cf83a0a1d0c9e4dd6ff28230805d5f5eaf83b46fac51d4e4e73407922fdd14d2,day,0.5881,0.708,1.107,by-sa,2.0,https://creativecommons.org/licenses/by-sa/2.0/,Grey beard,colinlogan,https://www.flickr.com/photos/24918835@N03,flickr,https://www.flickr.com/photos/24918835@N03/5421595674,https://live.staticflickr.com/5018/5421595674_6954d3c570.jpg,"""Grey beard"" by colinlogan, CC BY-SA 2.0, via flickr",3a2a440c-563c-47ec-833e-7429520c8552,street portrait stranger,0.411,39.943,91.674,0.246,-2.658,4.69,-1.421,5.048,0.389,-0.158,0.288,11.257
0065_day_554f5720.jpg,c978116506e01505c98c10e40cb5910a123de41efa9cf4a02c821317b6ff24c9,day,0.5857,0.315,0.706,by-sa,2.0,https://creativecommons.org/licenses/by-sa/2.0/,Fellow flickrer,colinlogan,https://www.flickr.com/photos/24918835@N03,flickr,https://www.flickr.com/photos/24918835@N03/5270158555,https://live.staticflickr.com/5127/5270158555_55f8c704c7.jpg,"""Fellow flickrer"" by colinlogan, CC BY-SA 2.0, via flickr",554f5720-0235-4ed3-8c1a-eee599f13416,street portrait stranger,0.255,44.842,94.492,0.309,0.218,2.615,0.798,-0.164,-0.277,-2.386,0.198,6.83
0066_day_b8c33607.jpg,3cb47538283e3f081e706c83ae0d34cd11fbcdbb4506876701d2f5927a796301,day,0.5808,0.777,1.006,by-sa,2.0,https://creativecommons.org/licenses/by-sa/2.0/,Breaking them apart,colinlogan,https://www.flickr.com/photos/24918835@N03,flickr,https://www.flickr.com/photos/24918835@N03/5452654571,https://live.staticflickr.com/5012/5452654571_111e3b83ee.jpg,"""Breaking them apart"" by colinlogan, CC BY-SA 2.0, via flickr",b8c33607-fbd8-4145-b186-0f0b563b5109,street portrait stranger,0.0,42.769,100.0,0.24,1.539,2.64,7.849,11.175,2.964,3.266,0.258,12.119
0067_day_3b76d2e7.jpg,6e3c3def3fe0cbfcfc0a8db94526ddb11e344a22991e1bbf60cf87f94e2b379d,day,0.5804,0.638,1.24,by-sa,2.0,https://creativecommons.org/licenses/by-sa/2.0/,Abuja Boy,Mark Fischer,https://www.flickr.com/photos/80854685@N08,flickr,https://www.flickr.com/photos/80854685@N08/17863685612,https://live.staticflickr.com/65535/17863685612_9fc59e0b0d_b.jpg,"""Abuja Boy"" by Mark Fischer, CC BY-SA 2.0, via flickr",3b76d2e7-5d14-4237-abca-9012b1ebf647,environmental portrait street,5.594,63.123,90.667,0.132,0.346,11.396,5.826,24.282,-0.278,13.897,0.347,19.707
0068_night_ef5b16e7.jpg,1bd0e71e58c1ea636a3e0d051c41a609e11ab4e88a563e8d88825efd4232ffb2,night,0.576,0.649,1.426,by,2.0,https://creativecommons.org/licenses/by/2.0/,Fanatic presents Tamariba Night vol.3,Dick Thomas Johnson,https://www.flickr.com/photos/31029865@N06,flickr,https://www.flickr.com/photos/31029865@N06/47186950052,https://live.staticflickr.com/7922/47186950052_281c4c53d8_b.jpg,"""Fanatic presents Tamariba Night vol.3"" by Dick Thomas Johnson, CC BY 2.0, via flickr",ef5b16e7-a2e0-4fe3-b5ae-9fa0785121d1,shibuya night portrait,0.548,28.141,93.33,0.448,2.115,0.97,5.732,3.906,-1.568,8.403,0.41,17.043
0069_night_2b569e10.jpg,755c67b46f64a39744a96dabcbbef9f6d6fa191e43563b630fc928e6ba44fa17,night,0.5747,0.625,0.705,cc0,1.0,https://creativecommons.org/publicdomain/zero/1.0/,Asian Amateur Tiffany - Sexy Nighttime City Street Portrait,tiffanyartistmodel,https://www.flickr.com/photos/194724223@N02,flickr,https://www.flickr.com/photos/194724223@N02/55232815641,https://live.staticflickr.com/65535/55232815641_de8fbe45d6_b.jpg,"""Asian Amateur Tiffany - Sexy Nighttime City Street Portrait"" by tiffanyartistmodel, CC0 1.0, via flickr",2b569e10-c99e-4613-8d54-edeeb045b264,hong kong portrait night,6.424,23.182,95.748,0.539,3.27,5.409,8.518,17.519,-3.321,2.606,0.388,13.644
0070_day_754d8b80.jpg,7da9a5b613fbf4484267b738bb89138dbebf4db421bf753ae9b3590b1b9071dc,day,0.5727,0.678,0.99,by-sa,2.0,https://creativecommons.org/licenses/by-sa/2.0/,Breaking the silence,colinlogan,https://www.flickr.com/photos/24918835@N03,flickr,https://www.flickr.com/photos/24918835@N03/5368014945,https://live.staticflickr.com/5126/5368014945_f5b4f8313f.jpg,"""Breaking the silence"" by colinlogan, CC BY-SA 2.0, via flickr",754d8b80-3e5a-4fbe-9560-384ce4da2029,street portrait stranger,0.685,36.6,78.623,0.301,0.509,-2.955,2.284,2.917,6.57,9.909,0.264,7.505
0071_day_76c6d3a7.jpg,c32bf53b4591a7fe08416fd75595277f0f8a91f5b76992f67aa83d067ce8846e,day,0.5703,0.599,1.9,by,2.0,https://creativecommons.org/licenses/by/2.0/,Aoyama Night Market,Dick Thomas Johnson,https://www.flickr.com/photos/31029865@N06,flickr,https://www.flickr.com/photos/31029865@N06/48061851156,https://live.staticflickr.com/65535/48061851156_91c95c3dac_b.jpg,"""Aoyama Night Market"" by Dick Thomas Johnson, CC BY 2.0, via flickr",76c6d3a7-4cb6-45b8-9a9a-6911a6c2d285,shibuya night portrait,1.88,78.436,95.981,0.194,1.247,-20.261,-0.214,-14.178,-3.682,-0.804,0.357,14.048
0072_day_5cc57500.jpg,3875e2609f4116d5a796ac58e1ce9d8b6b3fb79758ebed26dbe720c9eb29973d,day,0.5673,0.789,0.352,by-sa,2.0,https://creativecommons.org/licenses/by-sa/2.0/,Abuja Street Portrait,Mark Fischer,https://www.flickr.com/photos/80854685@N08,flickr,https://www.flickr.com/photos/80854685@N08/23811159626,https://live.staticflickr.com/65535/23811159626_c96b8e45e4_b.jpg,"""Abuja Street Portrait"" by Mark Fischer, CC BY-SA 2.0, via flickr",5cc57500-9e4c-4c77-a9ed-a739938c79c5,environmental portrait street,5.811,69.07,94.821,0.078,6.788,5.659,0.235,20.836,-1.279,6.904,0.248,14.487
0073_day_9dcdf073.jpg,0bd3db1f5477181fc1e92a7300ba81b33cbcc2b2c97b44e3b9dcaa5434871187,day,0.5592,0.71,-0.111,by-sa,2.0,https://creativecommons.org/licenses/by-sa/2.0/,Street photography 1,colinlogan,https://www.flickr.com/photos/24918835@N03,flickr,https://www.flickr.com/photos/24918835@N03/5461525978,https://live.staticflickr.com/5100/5461525978_ed0e77df31.jpg,"""Street photography 1"" by colinlogan, CC BY-SA 2.0, via flickr",9dcdf073-2a58-4c93-a12b-f621ec21daa2,street portrait stranger,1.584,63.33,98.964,0.162,4.271,2.367,8.026,8.923,0.974,1.573,0.178,8.174
0074_night_200ac13b.jpg,99243f0612f3c3b11ba30f70adcb286004f1b1d9ee9241cee0557a6897a9142e,night,0.5583,0.796,-0.0,by,2.0,https://creativecommons.org/licenses/by/2.0/,"Man in Seoul, South Korea. Flash Street Portrait.",www.ralfsteinberger.com,https://www.flickr.com/photos/145472109@N04,flickr,https://www.flickr.com/photos/145472109@N04/53925697407,https://live.staticflickr.com/65535/53925697407_59639298aa_b.jpg,"""Man in Seoul, South Korea. Flash Street Portrait."" by www.ralfsteinberger.com, CC BY 2.0, via flickr",200ac13b-186a-441e-84ff-df8ae8c966e4,seoul street portrait,0.742,17.628,77.686,0.656,0.593,3.691,6.866,3.338,6.074,-5.227,0.337,9.938
0075_night_2451499c.jpg,c12194167bd99acb36bf9003c7f126e438f11f555c0dc2810042d16b39c3c48f,night,0.5578,0.744,0.749,by-sa,2.0,https://creativecommons.org/licenses/by-sa/2.0/,Short film star,colinlogan,https://www.flickr.com/photos/24918835@N03,flickr,https://www.flickr.com/photos/24918835@N03/5467217825,https://live.staticflickr.com/5294/5467217825_6a31507091.jpg,"""Short film star"" by colinlogan, CC BY-SA 2.0, via flickr",2451499c-4053-4e70-86f7-814dd2246a7a,street portrait stranger,0.274,26.951,86.671,0.444,1.448,5.448,-0.176,8.835,0.82,1.433,0.372,13.633
0076_night_42ba71c4.jpg,2f3941b1e4eb1ff7a2c88a757bb03943d1d5cf69b8e47aed38f99c945ffb509e,night,0.5569,0.851,0.993,by,2.0,https://creativecommons.org/licenses/by/2.0/,A very handsome toughie man,Henry Söderlund,https://www.flickr.com/photos/46563758@N04,flickr,https://www.flickr.com/photos/46563758@N04/15711103504,https://live.staticflickr.com/7583/15711103504_54209e5718_b.jpg,"""A very handsome toughie man"" by Henry Söderlund, CC BY 2.0, via flickr",42ba71c4-5dab-4a93-a0d0-917abc264007,street portrait bokeh,0.0,17.445,99.655,0.605,2.545,4.568,4.89,15.046,0.648,10.502,0.313,9.589
0077_day_c6fed9dc.jpg,25b3f3f5af69fd7a66145717bbeb4bf3a98e2692db9931470485248931d95146,day,0.5501,0.495,0.644,by,2.0,https://creativecommons.org/licenses/by/2.0/,DSC02927,efanphotography v2,https://www.flickr.com/photos/58362996@N04,flickr,https://www.flickr.com/photos/58362996@N04/15660376692,https://live.staticflickr.com/5606/15660376692_d70329d208_b.jpg,"""DSC02927"" by efanphotography v2, CC BY 2.0, via flickr",c6fed9dc-6c21-4bf1-a037-8b2c39dd3eb2,street portrait city daylight,12.672,65.114,96.512,0.032,-1.643,0.835,1.543,5.42,2.626,1.697,0.11,6.757
0078_night_98b0d906.jpg,0e8aedff93ec63fb03eb3537a9dfaf6b8bfd000d7621daea054992ecd69c3fe4,night,0.546,0.396,1.093,by-sa,2.0,https://creativecommons.org/licenses/by-sa/2.0/,Sad eyes,colinlogan,https://www.flickr.com/photos/24918835@N03,flickr,https://www.flickr.com/photos/24918835@N03/5250784927,https://live.staticflickr.com/5248/5250784927_b2ce7378a9.jpg,"""Sad eyes"" by colinlogan, CC BY-SA 2.0, via flickr",98b0d906-3787-4586-99ff-0e07b6ecea94,street portrait stranger,2.389,30.442,95.758,0.435,-4.04,8.456,2.05,9.037,-0.47,-1.435,0.316,10.269
0079_day_96ee8a5b.jpg,c76dbf49b5336d2a983b38ae241b90090b80b86d90ecbd499b0836147789dfc2,day,0.5441,0.882,0.775,by,2.0,https://creativecommons.org/licenses/by/2.0/,01.CYC.SWWM.SW.WDC.31mar06,Elvert Barnes,https://www.flickr.com/photos/95413346@N00,flickr,https://www.flickr.com/photos/95413346@N00/441700437,https://live.staticflickr.com/210/441700437_cb52f967da_b.jpg,"""01.CYC.SWWM.SW.WDC.31mar06"" by Elvert Barnes, CC BY 2.0, via flickr",96ee8a5b-5130-4e44-b842-2a3b3f934be1,portrait cherry blossom street,4.838,66.192,87.889,0.109,9.356,1.548,17.274,11.593,10.892,7.203,0.28,17.476
0080_night_45eb5b38.jpg,1cfe3799206b58bd4d7686378860cfdc2a8cbbd557014851ed3235ac7d1bddf4,night,0.5428,0.328,0.936,by,2.0,https://creativecommons.org/licenses/by/2.0/,Der Hausmann,Hallenser,https://www.flickr.com/photos/26428343@N04,flickr,https://www.flickr.com/photos/26428343@N04/7229232012,https://live.staticflickr.com/8008/7229232012_64cf80792d_b.jpg,"""Der Hausmann"" by Hallenser, CC BY 2.0, via flickr",45eb5b38-2b12-4fc2-97b7-f89c8a0626ae,night market portrait,0.0,33.096,99.95,0.44,4.3,0.01,4.811,-0.62,1.258,1.694,0.226,6.305
0081_day_cea6095b.jpg,0ffc3b0cae3586ba8f20bcd6f72d9b51334b22303f512e1db2dbe67e50dfbac4,day,0.5424,0.496,1.981,by-sa,2.0,https://creativecommons.org/licenses/by-sa/2.0/,Leopard beats,colinlogan,https://www.flickr.com/photos/24918835@N03,flickr,https://www.flickr.com/photos/24918835@N03/5465965657,https://live.staticflickr.com/5257/5465965657_8a6d8646a3.jpg,"""Leopard beats"" by colinlogan, CC BY-SA 2.0, via flickr",cea6095b-846a-4144-bad6-89a88235c5dc,street portrait stranger,0.793,36.87,91.378,0.341,1.185,0.585,-2.726,4.802,2.089,4.093,0.244,9.585
0082_night_053dd023.jpg,3a34aa3c26aa0b9e188eca829ca88d361bb25a790a133005100644f5b3db1774,night,0.5421,0.359,0.655,by,2.0,https://creativecommons.org/licenses/by/2.0/,"Floating Island (세빛둥둥섬), Seoul, South Korea",Jirka Matousek,https://www.flickr.com/photos/28415633@N00,flickr,https://www.flickr.com/photos/28415633@N00/8402349955,https://live.staticflickr.com/8227/8402349955_c9dee4b228_b.jpg,"""Floating Island (세빛둥둥섬), Seoul, South Korea"" by Jirka Matousek, CC BY 2.0, via flickr",053dd023-5b2b-4f96-ab4d-6a87e6073611,seoul street portrait,0.0,19.835,91.846,0.634,8.417,12.106,11.398,22.377,0.646,10.804,0.646,20.184
0083_day_cd7382ba.jpg,bb72a9e7787842029b217f87413c99e135c43c393c0ba2edff104e26d2fd111f,day,0.5413,0.579,1.21,by-sa,2.0,https://creativecommons.org/licenses/by-sa/2.0/,Walk in the park,colinlogan,https://www.flickr.com/photos/24918835@N03,flickr,https://www.flickr.com/photos/24918835@N03/5351064522,https://live.staticflickr.com/5004/5351064522_c5ea70f740.jpg,"""Walk in the park"" by colinlogan, CC BY-SA 2.0, via flickr",cd7382ba-b771-4883-8c1b-53b970f51a0e,street portrait stranger,14.138,59.514,94.447,0.063,-2.154,6.147,-2.208,5.124,-4.545,5.701,0.214,14.371
0084_night_93ada1d9.jpg,2c883b930bf0b6f38e20d2c15762732938a5d4f4542a007270e2e5537cc2b96c,night,0.541,0.141,-0.078,by,2.0,https://creativecommons.org/licenses/by/2.0/,Tokyo street photography - The laughing lady,kevin dooley,https://www.flickr.com/photos/12836528@N00,flickr,https://www.flickr.com/photos/12836528@N00/6844010566,https://live.staticflickr.com/7200/6844010566_f6856d0971_b.jpg,"""Tokyo street photography - The laughing lady"" by kevin dooley, CC BY 2.0, via flickr",93ada1d9-88a3-425e-b1c9-1c77db74e603,street portrait bokeh,0.823,29.886,100.0,0.404,-1.895,-2.32,8.329,-9.216,-4.756,2.313,0.312,16.689
0085_night_67dffdf1.jpg,5ef4f3bf9845d0292bd010536807185f8a8414fb8541a9ec9e2389f1514c8008,night,0.5402,0.223,0.191,by,2.0,https://creativecommons.org/licenses/by/2.0/,night girl,ernop,https://www.flickr.com/photos/44823472@N00,flickr,https://www.flickr.com/photos/44823472@N00/1030014086,https://live.staticflickr.com/1061/1030014086_7d01263641_b.jpg,"""night girl"" by ernop, CC BY 2.0, via flickr",67dffdf1-6894-4b38-9f22-dae41aab922e,urban portrait evening,1.605,20.714,77.538,0.618,9.675,11.862,12.259,19.292,7.282,24.429,0.571,18.9
0086_night_1c6c87a2.jpg,5bfdee4f7402853df1fe6359cc74bbacf3b9a3b1807ecb837bc64a8d1357a3ff,night,0.5395,0.679,0.644,cc0,1.0,https://creativecommons.org/publicdomain/zero/1.0/,Asian Amateur Tiffany - Sexy Nighttime City Street Portrait,tiffanyartistmodel,https://www.flickr.com/photos/194724223@N02,flickr,https://www.flickr.com/photos/194724223@N02/55233222975,https://live.staticflickr.com/65535/55233222975_e05e3b1389_b.jpg,"""Asian Amateur Tiffany - Sexy Nighttime City Street Portrait"" by tiffanyartistmodel, CC0 1.0, via flickr",1c6c87a2-c6ae-4879-808a-9b94fe88133c,hong kong portrait night,1.312,6.759,93.349,0.745,9.226,5.399,1.425,3.937,-6.004,-0.947,0.717,14.659
0087_day_4250cc7c.jpg,5f303ab3278e3ecd529de3298ed39500c78766418c65f46c4aa6d326a369d0ad,day,0.5384,0.297,0.214,by,2.0,https://creativecommons.org/licenses/by/2.0/,Tokyo street photography,kevin dooley,https://www.flickr.com/photos/12836528@N00,flickr,https://www.flickr.com/photos/12836528@N00/6990125965,https://live.staticflickr.com/7063/6990125965_91345e8e87_b.jpg,"""Tokyo street photography"" by kevin dooley, CC BY 2.0, via flickr",4250cc7c-7026-4eea-8099-b3c6f2affd52,night portrait city lights bokeh,6.386,41.725,100.0,0.165,-1.448,1.157,-0.063,7.206,-10.844,4.626,0.234,13.471
0088_day_a18ee1b9.jpg,87a4171ecde718df3b30803f893c4620afc0696bfcdf1ebe433e6bc8e5b2b331,day,0.5364,0.952,1.003,by,2.0,https://creativecommons.org/licenses/by/2.0/,Aoyama Night Market,Dick Thomas Johnson,https://www.flickr.com/photos/31029865@N06,flickr,https://www.flickr.com/photos/31029865@N06/48061827696,https://live.staticflickr.com/65535/48061827696_a19d0bff8f_b.jpg,"""Aoyama Night Market"" by Dick Thomas Johnson, CC BY 2.0, via flickr",a18ee1b9-5237-4d45-abfa-f4c183c27519,shibuya night portrait,24.115,75.51,94.895,0.012,4.735,-3.063,5.676,1.908,4.388,3.034,0.143,9.23
0089_night_8c386fad.jpg,3f872508ad8b9c052627639c0ab3fbec24793fd94affa1d4457a07af5b51b7aa,night,0.5337,0.791,0.157,by-sa,2.0,https://creativecommons.org/licenses/by-sa/2.0/,Dimples,colinlogan,https://www.flickr.com/photos/24918835@N03,flickr,https://www.flickr.com/photos/24918835@N03/5402055027,https://live.staticflickr.com/5017/5402055027_5dd151553b.jpg,"""Dimples"" by colinlogan, CC BY-SA 2.0, via flickr",8c386fad-e696-4e9d-9b75-64b7924913a2,street portrait stranger,0.293,19.851,78.377,0.623,5.3,3.473,7.54,10.672,4.254,16.009,0.397,11.688
0090_night_71d716b6.jpg,4bf1a549f9241e6f541dfc28b2b3621a4a3922d2a0d845da86cd6415bf8826a0,night,0.5334,0.559,0.836,by-sa,2.0,https://creativecommons.org/licenses/by-sa/2.0/,South Yarra local,colinlogan,https://www.flickr.com/photos/24918835@N03,flickr,https://www.flickr.com/photos/24918835@N03/5270158301,https://live.staticflickr.com/5282/5270158301_07b0901fc1.jpg,"""South Yarra local"" by colinlogan, CC BY-SA 2.0, via flickr",71d716b6-3143-434d-b50e-75d4a7f58b87,street portrait stranger,2.526,28.714,98.782,0.417,-4.427,7.542,1.621,7.414,-0.987,-2.775,0.334,12.159
0091_night_0daf181d.jpg,7c8b470bf9ff1a4d078036d2e783c37cfb3259b3e09809e28fdfc1925a5607dc,night,0.533,0.465,0.391,by,2.0,https://creativecommons.org/licenses/by/2.0/,Summer Start,vonSchnauzer,https://www.flickr.com/photos/38027221@N08,flickr,https://www.flickr.com/photos/38027221@N08/3672814850,https://live.staticflickr.com/2561/3672814850_cf8f555148.jpg,"""Summer Start"" by vonSchnauzer, CC BY 2.0, via flickr",0daf181d-d7b5-4ca5-bf1e-46e95a12a0fb,street portrait bokeh,2.331,21.87,96.123,0.535,2.545,1.926,13.881,12.213,-11.039,-6.845,0.386,16.264
0092_night_5ad39169.jpg,61106d7fb07c95b01daaafc51598bdb1c05cfebab430e94856edb40ff467206a,night,0.531,0.348,0.376,by,2.0,https://creativecommons.org/licenses/by/2.0/,"Keyaki Street at Night, Roppongi, Tokyo",Jun Seita,https://www.flickr.com/photos/90454079@N00,flickr,https://www.flickr.com/photos/90454079@N00/15677136647,https://live.staticflickr.com/7546/15677136647_054737bcf2_b.jpg,"""Keyaki Street at Night, Roppongi, Tokyo"" by Jun Seita, CC BY 2.0, via flickr",5ad39169-44ff-42e6-8a66-37d4c73f5edb,tokyo street portrait night,1.097,24.921,76.815,0.502,15.237,7.366,10.671,3.013,2.587,-6.781,0.372,16.751
0093_night_13cf5ef4.jpg,8c5b45d1cb62bd697ba0eedc28b6176e828113948ff4985199cc668043d00d3a,night,0.5308,0.548,1.11,by,2.0,https://creativecommons.org/licenses/by/2.0/,"Seoul, South Korea",Emmanuel Dyan,https://www.flickr.com/photos/17616316@N00,flickr,https://www.flickr.com/photos/17616316@N00/5747791485,https://live.staticflickr.com/2231/5747791485_798d4cde73_b.jpg,"""Seoul, South Korea"" by Emmanuel Dyan, CC BY 2.0, via flickr",13cf5ef4-a988-4ff1-97d9-151826404884,seoul street portrait,1.703,27.438,100.0,0.46,6.465,11.026,15.47,34.566,-0.091,15.422,0.529,23.001
0094_night_769bc031.jpg,09bd5591aacf594f0193644b2d7ee8ff77d7a1afc111f7c9e373a797a0eb474c,night,0.5294,0.693,1.189,by,2.0,https://creativecommons.org/licenses/by/2.0/,Star Ferry,tom@hk,https://www.flickr.com/photos/62424894@N00,flickr,https://www.flickr.com/photos/62424894@N00/77597109,https://live.staticflickr.com/36/77597109_f2dc53d8fd_b.jpg,"""Star Ferry"" by tom@hk, CC BY 2.0, via flickr",769bc031-b3c6-4d50-83ed-723da54b5a73,hong kong portrait night,0.783,24.894,88.793,0.501,4.797,7.161,15.523,27.608,13.634,19.912,0.569,20.323
0095_night_704e9d1d.jpg,86936dec364c5f6858c58ef0366092baf49eafe0a3ffda730a21cf2370bb9a0b,night,0.527,0.459,1.89,by-sa,2.0,https://creativecommons.org/licenses/by-sa/2.0/,Chaperone,colinlogan,https://www.flickr.com/photos/24918835@N03,flickr,https://www.flickr.com/photos/24918835@N03/5342580702,https://live.staticflickr.com/5163/5342580702_fefbcf30f5.jpg,"""Chaperone"" by colinlogan, CC BY-SA 2.0, via flickr",704e9d1d-ebe7-42ff-abfe-b2d05ab57f8b,street portrait stranger,0.0,28.463,87.74,0.464,5.67,2.458,7.079,8.533,9.118,4.616,0.258,11.192
0096_day_b6c40b8a.jpg,d99218dadfa3ded89c598ec6e1da6c5003bc51bcebbe874aa98669d1c00780a0,day,0.5262,0.729,1.271,by,2.0,https://creativecommons.org/licenses/by/2.0/,Aoyama Night Market,Dick Thomas Johnson,https://www.flickr.com/photos/31029865@N06,flickr,https://www.flickr.com/photos/31029865@N06/48061896848,https://live.staticflickr.com/65535/48061896848_bab8af58ea_b.jpg,"""Aoyama Night Market"" by Dick Thomas Johnson, CC BY 2.0, via flickr",b6c40b8a-3e72-4b67-b3a9-58e65bb7e91f,shibuya night portrait,10.563,82.0,93.458,0.167,0.887,-25.742,1.93,-23.269,-0.505,-1.193,0.315,12.208
0097_night_f2481470.jpg,9a2679cf1635bdff6857999bf26c052ac66be8c905ab0cb9c39a30ae20b41746,night,0.5224,0.644,1.95,by-sa,2.0,https://creativecommons.org/licenses/by-sa/2.0/,Old neighbour,colinlogan,https://www.flickr.com/photos/24918835@N03,flickr,https://www.flickr.com/photos/24918835@N03/5292998270,https://live.staticflickr.com/5122/5292998270_d49ed41714.jpg,"""Old neighbour"" by colinlogan, CC BY-SA 2.0, via flickr",f2481470-1b91-4c07-857f-0d15fd5b07ea,street portrait stranger,0.0,4.512,89.858,0.706,1.235,-0.076,14.422,15.567,4.888,1.206,0.226,7.31
0098_night_56a716ba.jpg,11e7dd9a1c19c236d93e841642a6b39c464a69bafb6ca3a927c2ca02faa03a39,night,0.5217,0.354,0.01,by,2.0,https://creativecommons.org/licenses/by/2.0/,Under the Sea,A_part_of_me,https://www.flickr.com/photos/30866579@N04,flickr,https://www.flickr.com/photos/30866579@N04/8295453687,https://live.staticflickr.com/8362/8295453687_2425402a4a_b.jpg,"""Under the Sea"" by A_part_of_me, CC BY 2.0, via flickr",56a716ba-0baa-4b39-b494-bc29e0858f9f,portrait neon lights street,2.965,21.698,97.696,0.554,11.995,-15.86,11.645,8.035,-8.728,15.123,0.484,24.799
0099_night_3b511099.jpg,e569518f935e57a2ffaa1abc04a16612dbe5ac9728517c3881944a5343a055ba,night,0.5149,0.542,-0.161,by,2.0,https://creativecommons.org/licenses/by/2.0/,Aoyama Night Market,Dick Thomas Johnson,https://www.flickr.com/photos/31029865@N06,flickr,https://www.flickr.com/photos/31029865@N06/48061895048,https://live.staticflickr.com/65535/48061895048_1d660db24b_b.jpg,"""Aoyama Night Market"" by Dick Thomas Johnson, CC BY 2.0, via flickr",3b511099-8633-416d-b739-4db4629160ad,shibuya night portrait,0.53,28.615,97.629,0.47,3.841,-9.971,16.985,4.068,3.287,0.339,0.344,11.831
0100_night_7cfbb38c.jpg,14347f80d74573ce4f85f4c2cb39a1175f1384972cbf137fcb800157e8112dff,night,0.5146,0.649,0.097,by,2.0,https://creativecommons.org/licenses/by/2.0/,The Girl with the Dragon Tattoo,Yuri Samoilov Photo,https://www.flickr.com/photos/103414654@N05,flickr,https://www.flickr.com/photos/103414654@N05/10156108064,https://live.staticflickr.com/7377/10156108064_56eed6360f_b.jpg,"""The Girl with the Dragon Tattoo"" by Yuri Samoilov Photo, CC BY 2.0, via flickr",7cfbb38c-0003-4d24-8633-077d975457a6,portrait bokeh city,0.862,19.343,97.341,0.641,4.947,5.013,15.034,25.693,-5.528,22.713,0.532,17.522
0101_night_7c7b0907.jpg,31a93b5e3017591c5a5e490bc423afef629db50ecaceaba5da602275cda4ed72,night,0.5145,0.955,0.795,by,2.0,https://creativecommons.org/licenses/by/2.0/,freckle prayer,shannonkringen,https://www.flickr.com/photos/18161271@N00,flickr,https://www.flickr.com/photos/18161271@N00/387807204,https://live.staticflickr.com/182/387807204_38a0459499_b.jpg,"""freckle prayer"" by shannonkringen, CC BY 2.0, via flickr",7c7b0907-fea9-4f31-915f-8a7290d4bc0f,portrait at night neon light,0.548,21.213,65.922,0.575,0.194,6.504,1.828,8.017,-3.3,-8.921,0.326,11.442
0102_night_10503cff.jpg,37daff95603da4e972a03454918b74d78d0d7c5dff31e02d656e87d44bee4e61,night,0.5122,0.721,0.441,by,2.0,https://creativecommons.org/licenses/by/2.0/,Flick #275,The Urban Scot,https://www.flickr.com/photos/57676038@N06,flickr,https://www.flickr.com/photos/57676038@N06/9600967563,https://live.staticflickr.com/7305/9600967563_9991e157d4_b.jpg,"""Flick #275"" by The Urban Scot, CC BY 2.0, via flickr",10503cff-fc5a-41d5-b8f4-2d5cbfe44281,night market portrait,0.0,23.001,91.76,0.524,2.332,2.912,11.554,10.058,-1.961,-7.675,0.368,13.369
0103_night_e4e76eed.jpg,00de0e38fbb22b8737e47e6312c7ee761dc17fe4dbcad8b355a2b4e50c5ecdea,night,0.5043,0.309,0.902,by,2.0,https://creativecommons.org/licenses/by/2.0/,cosplay green hair,foot fingers,https://www.flickr.com/photos/34513998@N02,flickr,https://www.flickr.com/photos/34513998@N02/5271143190,https://live.staticflickr.com/5045/5271143190_c84e092298_b.jpg,"""cosplay green hair"" by foot fingers, CC BY 2.0, via flickr",e4e76eed-3b50-4166-aa88-569334bd285b,seoul street portrait,1.88,26.482,88.705,0.48,4.026,7.628,0.262,16.737,0.154,15.583,0.421,17.83
0104_night_9202a502.jpg,287e2ca53bc0a60d92bf72e06b6abe266318f26ca664c4ffd785edc09f4bbb88,night,0.4991,0.704,1.549,by,2.0,https://creativecommons.org/licenses/by/2.0/,6455-2,i.gorshkov,https://www.flickr.com/photos/134661509@N08,flickr,https://www.flickr.com/photos/134661509@N08/38948621282,https://live.staticflickr.com/4732/38948621282_44c34deda7_b.jpg,"""6455-2"" by i.gorshkov, CC BY 2.0, via flickr",9202a502-53ed-4b31-b5b3-184721106e70,street portrait night neon,8.74,21.817,65.752,0.595,1.787,-8.488,0.272,-16.458,-4.408,-19.104,0.354,12.849
0105_night_caf63a9a.jpg,44c1ebd8b24ef78f47dae36939532a6ffcf91a3c419d649f7ab574d8fc133891,night,0.4962,0.523,0.741,by-sa,2.0,https://creativecommons.org/licenses/by-sa/2.0/,Nothing creepy,colinlogan,https://www.flickr.com/photos/24918835@N03,flickr,https://www.flickr.com/photos/24918835@N03/5292398683,https://live.staticflickr.com/5089/5292398683_b1205fd3e6.jpg,"""Nothing creepy"" by colinlogan, CC BY-SA 2.0, via flickr",caf63a9a-5661-4e3a-86b7-ec4fb7bbea9e,street portrait stranger,3.174,31.103,85.937,0.441,2.235,-0.351,2.298,2.934,0.923,1.793,0.195,7.206
0106_night_9584d85a.jpg,b20619f74d0c66dc738f61f676dc4c22c9d8f49558b0fbf2c346ee929dd7ed13,night,0.4961,0.372,0.647,by,2.0,https://creativecommons.org/licenses/by/2.0/,hell with stereotypes!,Filter Coffee,https://www.flickr.com/photos/25066200@N02,flickr,https://www.flickr.com/photos/25066200@N02/6248970070,https://live.staticflickr.com/6112/6248970070_592f34c4d1_b.jpg,"""hell with stereotypes!"" by Filter Coffee, CC BY 2.0, via flickr",9584d85a-42a6-42a1-8502-884c533e1608,night market portrait,2.468,21.16,99.085,0.568,4.933,2.042,22.023,20.877,3.863,29.437,0.434,19.525
0107_night_b8799ca4.jpg,8c5fc8d28d5ff3ab351b76abf47893ed5e551d900717675e020d777ba90aa610,night,0.4852,0.799,0.466,by,2.0,https://creativecommons.org/licenses/by/2.0/,'I just got out of prison' #282,The Urban Scot,https://www.flickr.com/photos/57676038@N06,flickr,https://www.flickr.com/photos/57676038@N06/9938870464,https://live.staticflickr.com/5491/9938870464_5fc83f4617_b.jpg,"""'I just got out of prison' #282"" by The Urban Scot, CC BY 2.0, via flickr",b8799ca4-2d16-4121-852b-b6c546b7cefe,street portrait stranger,0.0,9.845,100.0,0.698,1.22,1.122,7.721,16.199,6.615,12.6,0.335,8.17
0108_night_70a5664e.jpg,35284655540f76dbe6522c0ff9a7925ffa1d8ccb09244ea95c288b90fc3ae814,night,0.4823,0.691,0.682,by,2.0,https://creativecommons.org/licenses/by/2.0/,6591-1,i.gorshkov,https://www.flickr.com/photos/134661509@N08,flickr,https://www.flickr.com/photos/134661509@N08/38985214341,https://live.staticflickr.com/4565/38985214341_1be55659cd_b.jpg,"""6591-1"" by i.gorshkov, CC BY 2.0, via flickr",70a5664e-58d7-4010-9176-92e40a133486,street portrait night neon,0.0,11.549,53.356,0.626,16.815,9.129,64.85,53.041,0.0,0.0,0.936,43.393
0109_night_a111cf71.jpg,1625a47efc96d76f524dcb90673fea9708903b6368c7f6560650077b971beb4b,night,0.4812,0.735,0.12,by,2.0,https://creativecommons.org/licenses/by/2.0/,40+276 Shorts,bark,https://www.flickr.com/photos/49503168860@N01,flickr,https://www.flickr.com/photos/49503168860@N01/4858507349,https://live.staticflickr.com/4123/4858507349_23ee4a097b.jpg,"""40+276 Shorts"" by bark, CC BY 2.0, via flickr",a111cf71-0f10-4df0-8d9c-44365c43e269,neon portrait,1.468,33.655,96.802,0.373,7.72,-2.416,11.943,11.953,-0.131,26.895,0.428,21.188
0110_night_8fc3f4c1.jpg,b9e7e449eb7ef8de1e8fd0df15ed8f332de8fde8f9443be0e4e7786c52052490,night,0.4771,0.565,0.645,by,2.0,https://creativecommons.org/licenses/by/2.0/,Smile for bokeh,Henry Söderlund,https://www.flickr.com/photos/46563758@N04,flickr,https://www.flickr.com/photos/46563758@N04/15596931753,https://live.staticflickr.com/8631/15596931753_0d76e84cb0_b.jpg,"""Smile for bokeh"" by Henry Söderlund, CC BY 2.0, via flickr",8fc3f4c1-d027-4bcf-8923-6ab7bd11d2e3,night portrait city lights bokeh,2.822,23.936,92.286,0.519,7.277,5.305,17.975,20.291,5.927,37.043,0.558,23.136
0111_night_79296a3e.jpg,eb82448051d226e6a971affc1b82cb6ace8bb7f5fd54b17506f2f7a9e63997ff,night,0.4753,0.601,0.242,by,2.0,https://creativecommons.org/licenses/by/2.0/,"Floating Island (세빛둥둥섬), Seoul, South Korea",Jirka Matousek,https://www.flickr.com/photos/28415633@N00,flickr,https://www.flickr.com/photos/28415633@N00/8403376168,https://live.staticflickr.com/8216/8403376168_b5a9b200bd_b.jpg,"""Floating Island (세빛둥둥섬), Seoul, South Korea"" by Jirka Matousek, CC BY 2.0, via flickr",79296a3e-7f05-40d9-a6db-736d3404bae1,seoul street portrait,0.0,20.615,55.375,0.584,3.958,1.23,5.236,-4.338,0.962,54.238,0.337,10.202
0112_night_00173224.jpg,759faab126de47f6f45edcd3eacacd8e6fe158446bc78a54aff369b67e117900,night,0.4661,0.627,1.932,by-sa,2.0,https://creativecommons.org/licenses/by-sa/2.0/,Coffee...,colinlogan,https://www.flickr.com/photos/24918835@N03,flickr,https://www.flickr.com/photos/24918835@N03/5496664144,https://live.staticflickr.com/5174/5496664144_56631292a2.jpg,"""Coffee..."" by colinlogan, CC BY-SA 2.0, via flickr",00173224-8e84-41c1-ae67-674770987957,street portrait stranger,0.0,7.881,84.683,0.8,3.025,3.437,13.195,9.947,13.045,10.937,0.345,7.188
0113_night_48d2590d.jpg,38600c5a7c7f0c5540078756960490f4b710dd2ccea32ccbad389ef7c52fd0d7,night,0.4647,0.732,-0.517,by,2.0,https://creativecommons.org/licenses/by/2.0/,Neon creative portrait of my friend.,blakepleasant,https://www.flickr.com/photos/85719546@N07,flickr,https://www.flickr.com/photos/85719546@N07/28829706296,https://live.staticflickr.com/8887/28829706296_7d34e0aa22_b.jpg,"""Neon creative portrait of my friend."" by blakepleasant, CC BY 2.0, via flickr",48d2590d-6c76-41e1-bb58-43b974ec6be9,street portrait night neon,11.821,19.676,84.843,0.598,7.888,-8.169,43.668,6.155,-3.275,-6.167,0.498,29.695
0114_night_c9f49db3.jpg,68a3bb44faa22a5869ae8a512e963d418320ef308c05afc58176af310db13bd9,night,0.4644,0.711,1.013,by-sa,2.0,https://creativecommons.org/licenses/by-sa/2.0/,Moustache,colinlogan,https://www.flickr.com/photos/24918835@N03,flickr,https://www.flickr.com/photos/24918835@N03/5450638216,https://live.staticflickr.com/5297/5450638216_57ab21be2d.jpg,"""Moustache"" by colinlogan, CC BY-SA 2.0, via flickr",c9f49db3-8e07-4bc1-be33-22eb59fdbd35,street portrait stranger,3.457,31.132,90.303,0.402,8.9,2.708,8.792,4.335,6.829,8.051,0.331,12.136
0115_night_3b611a99.jpg,b814fdbe5757217ee321b3d4d8abced93daeb8ce01b7b961d0cef1d83af23c26,night,0.4596,0.955,0.861,by,2.0,https://creativecommons.org/licenses/by/2.0/,Street Portrait: Stranger at Pudu,Johnragai-Moment Catcher,https://www.flickr.com/photos/40642065@N06,flickr,https://www.flickr.com/photos/40642065@N06/11280540133,https://live.staticflickr.com/7386/11280540133_2ed3cb652d_b.jpg,"""Street Portrait: Stranger at Pudu"" by Johnragai-Moment Catcher, CC BY 2.0, via flickr",3b611a99-851d-4b0a-8918-1ab2f9fde6d8,street portrait stranger,6.315,31.116,99.927,0.223,1.792,-5.205,10.389,-2.263,5.857,12.151,0.317,17.44
0116_night_68a06e43.jpg,52f464799bc1c13d1534e41e5377de2e20a1256fc52ef064098079cf3b51e276,night,0.4575,0.403,0.157,by,2.0,https://creativecommons.org/licenses/by/2.0/,Midnight City,Steven Leonti,https://www.flickr.com/photos/47493434@N03,flickr,https://www.flickr.com/photos/47493434@N03/6853755335,https://live.staticflickr.com/7047/6853755335_013fa34df9_b.jpg,"""Midnight City"" by Steven Leonti, CC BY 2.0, via flickr",68a06e43-3d1e-4f2f-abfe-38d36f95ccbd,portrait night lights city,1.097,10.061,59.281,0.693,0.385,-2.279,4.655,-10.893,-5.136,18.948,0.208,7.24
0117_night_804d91b3.jpg,9f1fcbd26438a039c774fb52637c593f6352d52761577b9af16dd3a83b5a182c,night,0.4494,0.446,0.718,by-sa,2.0,https://creativecommons.org/licenses/by-sa/2.0/,Waterfront,mrdannynavarro,https://www.flickr.com/photos/21283177@N00,flickr,https://www.flickr.com/photos/21283177@N00/4107545507,https://live.staticflickr.com/2624/4107545507_aeeb2d4f43_b.jpg,"""Waterfront"" by mrdannynavarro, CC BY-SA 2.0, via flickr",804d91b3-439b-484f-94d3-5c862178e377,urban portrait evening,1.118,32.047,99.507,0.319,3.214,13.251,4.447,28.871,1.127,32.211,0.653,26.124
0118_night_bc3445c9.jpg,9384d12c5347e5fc8bebea8c9ff7ee6b5c02ad51dd67f2421eb29bd9123b058c,night,0.4446,0.248,0.165,by,2.0,https://creativecommons.org/licenses/by/2.0/,Heading Out To Party,Joe Shlabotnik,https://www.flickr.com/photos/40646519@N00,flickr,https://www.flickr.com/photos/40646519@N00/3080930065,https://live.staticflickr.com/3030/3080930065_d58086a94c_b.jpg,"""Heading Out To Party"" by Joe Shlabotnik, CC BY 2.0, via flickr",bc3445c9-cbc3-4cd9-bd29-8d3cd4a5f4b2,urban portrait evening,0.196,29.429,97.753,0.438,1.88,2.294,2.318,-1.514,1.777,0.506,0.275,6.001
0119_night_c3a546b3.jpg,e7c90526a7e5edd368333fa001940ae7455f4fa20a12208c41ffdd9d01b4e1ac,night,0.44,0.401,0.56,cc0,1.0,https://creativecommons.org/publicdomain/zero/1.0/,Asian Amateur Tiffany - Sexy Red Light Night Portrait,tiffanyartistmodel,https://www.flickr.com/photos/194724223@N02,flickr,https://www.flickr.com/photos/194724223@N02/55232945381,https://live.staticflickr.com/65535/55232945381_613626c2c8_b.jpg,"""Asian Amateur Tiffany - Sexy Red Light Night Portrait"" by tiffanyartistmodel, CC0 1.0, via flickr",c3a546b3-f790-4a94-b7d5-edfc37d7046b,street portrait night neon,0.0,30.176,95.866,0.414,1.61,4.082,6.417,14.831,-6.514,11.968,0.356,12.602
0120_night_b59d7642.jpg,e655e90928edab30b7cb0eb57e0e9afe98bdc67b0023ade5b89c60809960a298,night,0.4322,0.273,0.559,by,2.0,https://creativecommons.org/licenses/by/2.0/,Aoyama Night Market,Dick Thomas Johnson,https://www.flickr.com/photos/31029865@N06,flickr,https://www.flickr.com/photos/31029865@N06/48061954837,https://live.staticflickr.com/65535/48061954837_335e16c3c0_b.jpg,"""Aoyama Night Market"" by Dick Thomas Johnson, CC BY 2.0, via flickr",b59d7642-5e22-4dd3-b07a-7399aa1131bc,shibuya night portrait,0.314,24.123,97.218,0.509,2.639,-18.881,1.013,-24.154,-0.268,-9.691,0.668,19.991
0121_night_e8659035.jpg,1d9117401c79d6a310e8e8d66a3dbe923107974e04b9f753968183ef0f2c1340,night,0.4321,0.638,2.126,by-sa,2.0,https://creativecommons.org/licenses/by-sa/2.0/,Greetings from Berlin,kohlmann.sascha,https://www.flickr.com/photos/96323831@N06,flickr,https://www.flickr.com/photos/96323831@N06/9563030074,https://live.staticflickr.com/5323/9563030074_d58b8a0df9_b.jpg,"""Greetings from Berlin"" by kohlmann.sascha, CC BY-SA 2.0, via flickr",e8659035-51d7-4669-a043-174ad9c90d58,street portrait bokeh,3.401,33.043,100.0,0.403,-0.714,3.392,1.152,8.592,2.464,3.124,0.208,8.328
0122_night_119d099d.jpg,d0d76c09fb4799a8033fb3d93156e66ca9a94448ba3918895f62218dc52eab14,night,0.4316,0.669,0.248,cc0,1.0,https://creativecommons.org/publicdomain/zero/1.0/,Asian Amateur Tiffany - Sexy Nighttime City Street Portrait,tiffanyartistmodel,https://www.flickr.com/photos/194724223@N02,flickr,https://www.flickr.com/photos/194724223@N02/55232815666,https://live.staticflickr.com/65535/55232815666_f5ab4b50df_b.jpg,"""Asian Amateur Tiffany - Sexy Nighttime City Street Portrait"" by tiffanyartistmodel, CC0 1.0, via flickr",119d099d-ad1e-4ccb-b11f-beb42f1fe977,hong kong portrait night,0.721,9.665,86.142,0.81,10.814,6.499,7.812,20.347,0.172,18.681,0.733,16.509
0123_night_39b03369.jpg,76418a6489a372b67d377f76b9a1f6c978b894fb0f2eaa697ff777a1999463dd,night,0.4295,0.836,1.885,by,2.0,https://creativecommons.org/licenses/by/2.0/,Licking her finger,jonas_foyn,https://www.flickr.com/photos/30588093@N06,flickr,https://www.flickr.com/photos/30588093@N06/6136800501,https://live.staticflickr.com/6160/6136800501_2d90606343_b.jpg,"""Licking her finger"" by jonas_foyn, CC BY 2.0, via flickr",39b03369-d227-41ad-b10a-eb414d0f916d,portrait night lights city,0.158,32.44,94.65,0.467,4.425,-2.941,18.986,26.361,9.111,24.956,0.638,20.481
0124_night_2543789d.jpg,58339dff0ca37480adf3d30bf6c0abe70c70d849c9fb9617fc2438c0dfb98729,night,0.4267,0.839,1.253,by,2.0,https://creativecommons.org/licenses/by/2.0/,sp.,BaileyRaeWeaver,https://www.flickr.com/photos/10082321@N04,flickr,https://www.flickr.com/photos/10082321@N04/3193172507,https://live.staticflickr.com/3517/3193172507_3b6a3ab46d_b.jpg,"""sp."" by BaileyRaeWeaver, CC BY 2.0, via flickr",2543789d-6ea3-4a1e-b0e8-63df0bb31993,portrait at night neon light,1.727,23.926,83.193,0.515,12.776,8.473,32.778,30.308,18.161,25.544,0.649,29.135
0125_night_05adb23a.jpg,53fa3cd53990a63caff37df7575b4158f3ac8ce369de932ace3740244b5b3166,night,0.4236,0.63,0.071,cc0,1.0,https://creativecommons.org/publicdomain/zero/1.0/,Asian Amateur Tiffany - Sexy Nighttime City Street Portrait,tiffanyartistmodel,https://www.flickr.com/photos/194724223@N02,flickr,https://www.flickr.com/photos/194724223@N02/55231904787,https://live.staticflickr.com/65535/55231904787_bbc25e6079_b.jpg,"""Asian Amateur Tiffany - Sexy Nighttime City Street Portrait"" by tiffanyartistmodel, CC0 1.0, via flickr",05adb23a-9cc5-40c5-810e-a2334198259a,hong kong portrait night,5.109,15.458,95.648,0.595,1.826,-0.068,13.208,33.546,0.305,16.435,0.409,17.807
0126_night_f2e2d09b.jpg,ddb94e7c543416a90344dd47425c2404785d17aed2898206e74a5b56f4345c13,night,0.421,0.268,0.437,by,2.0,https://creativecommons.org/licenses/by/2.0/,Jen & Jeremiah in Bundang,Andrew Currie,https://www.flickr.com/photos/54329815@N00,flickr,https://www.flickr.com/photos/54329815@N00/348234388,https://live.staticflickr.com/150/348234388_bc1868d1c3_b.jpg,"""Jen & Jeremiah in Bundang"" by Andrew Currie, CC BY 2.0, via flickr",f2e2d09b-892a-40f8-9f6c-359bb6d51cd0,seoul street portrait,0.0,3.785,84.959,0.713,1.084,0.478,1.589,7.503,4.038,4.819,0.317,6.049
0127_night_4f11de10.jpg,2076a6962b266434632c0ead3038933fc2b10c0032d879a2aab2536d6d4efd41,night,0.4144,0.533,-0.083,by,2.0,https://creativecommons.org/licenses/by/2.0/,Finally in a taxi,@yakobusan Jakob Montrasio,https://www.flickr.com/photos/37803129@N00,flickr,https://www.flickr.com/photos/37803129@N00/257015122,https://live.staticflickr.com/100/257015122_e90be5151b_b.jpg,"""Finally in a taxi"" by @yakobusan Jakob Montrasio, CC BY 2.0, via flickr",4f11de10-2560-4ce3-99a7-27d42d7280b6,rainy night portrait street,1.038,24.797,87.543,0.504,11.074,14.176,11.512,26.555,5.385,27.671,0.644,24.414
0128_night_4a93ea85.jpg,ba2b46f52b17bd3842f839aa56a15e472d70fa63d033ad61bc5b5c42b4c7c442,night,0.4136,0.454,0.263,by,2.0,https://creativecommons.org/licenses/by/2.0/,"Keyaki Street at Night, Roppongi, Tokyo",Jun Seita,https://www.flickr.com/photos/90454079@N00,flickr,https://www.flickr.com/photos/90454079@N00/15675384338,https://live.staticflickr.com/7472/15675384338_e7c016d743_b.jpg,"""Keyaki Street at Night, Roppongi, Tokyo"" by Jun Seita, CC BY 2.0, via flickr",4a93ea85-7e30-4fa9-bc65-c409ae653d05,tokyo street portrait night,0.136,23.914,99.753,0.518,8.948,6.034,22.792,18.806,6.968,25.423,0.502,20.625
0129_night_bef36fc1.jpg,d8219fb0c598515698b59f49afb135bbdba0b1608b65f2d86c4222d490a3983f,night,0.4107,0.482,1.061,by,2.0,https://creativecommons.org/licenses/by/2.0/,S3,Hallenser,https://www.flickr.com/photos/26428343@N04,flickr,https://www.flickr.com/photos/26428343@N04/5834596642,https://live.staticflickr.com/3004/5834596642_7e12916fbf_b.jpg,"""S3"" by Hallenser, CC BY 2.0, via flickr",bef36fc1-3033-4de6-983f-64c7a4908048,night street portrait bokeh,0.0,9.041,93.597,0.763,4.887,4.222,15.723,27.041,6.952,28.004,0.701,15.033
0130_night_8dd6fd95.jpg,a3b6228e948a7bf3467cfd02a4a64431cbe0d29dfdeb4fb936752caed5eab363,night,0.4037,0.974,0.347,by,2.0,https://creativecommons.org/licenses/by/2.0/,Alex,Jean-René Vauzelle,https://www.flickr.com/photos/30599284@N07,flickr,https://www.flickr.com/photos/30599284@N07/5062299876,https://live.staticflickr.com/4088/5062299876_ec0bc23d31_b.jpg,"""Alex"" by Jean-René Vauzelle, CC BY 2.0, via flickr",8dd6fd95-e29f-4af1-8a0c-e9df93181d62,street portrait shallow depth of field,4.261,29.759,82.02,0.404,4.754,8.27,9.913,15.52,5.95,8.949,0.399,14.899
0131_night_5a0c7691.jpg,dcc3a2bde8066b777e716559334d35c71e347f53bc138f366bc6284bf8ebe077,night,0.4036,0.344,0.369,by,2.0,https://creativecommons.org/licenses/by/2.0/,At night,Oleksii Leonov,https://www.flickr.com/photos/31849470@N02,flickr,https://www.flickr.com/photos/31849470@N02/28474521314,https://live.staticflickr.com/8305/28474521314_3f2701cd63_b.jpg,"""At night"" by Oleksii Leonov, CC BY 2.0, via flickr",5a0c7691-4b81-4801-af89-9414d3c06b6d,night portrait city lights bokeh,15.421,30.797,94.241,0.421,-1.838,-10.002,7.354,8.821,7.687,25.389,0.366,13.785
0132_night_c0390046.jpg,d5673f3a39bb692905b973a986f89ea72e4c5331a49b68b3d644ce3c30f7418e,night,0.3977,0.719,1.028,by-sa,2.0,https://creativecommons.org/licenses/by-sa/2.0/,D,Gezelligfilm,https://www.flickr.com/photos/161439985@N05,flickr,https://www.flickr.com/photos/161439985@N05/45613575142,https://live.staticflickr.com/1978/45613575142_a792d0145b_b.jpg,"""D"" by Gezelligfilm, CC BY-SA 2.0, via flickr",c0390046-04bd-4f15-a29f-caffe8564277,portrait neon lights street,4.988,6.664,82.876,0.818,2.434,-2.392,19.134,44.46,-0.391,66.127,0.395,14.306
0133_night_721f0845.jpg,ea31e04803ae9467992204e04bd9706ad55bb809ce3def7cad28cf14b2d3bdd1,night,0.3975,0.55,0.121,by,2.0,https://creativecommons.org/licenses/by/2.0/,"Noryangjin Fish Market, near Noryangjin Station",sellyourseoul,https://www.flickr.com/photos/43846028@N05,flickr,https://www.flickr.com/photos/43846028@N05/4273272582,https://live.staticflickr.com/4034/4273272582_c68f6a8536_b.jpg,"""Noryangjin Fish Market, near Noryangjin Station"" by sellyourseoul, CC BY 2.0, via flickr",721f0845-f1a3-43c2-9dd5-a28d6fa0805a,seoul street portrait,1.92,25.196,98.397,0.497,1.175,12.825,2.878,32.173,-2.222,12.445,0.661,22.805
0134_night_4f010d3e.jpg,73673d301d0c61d1bb2fd2c62b6d4ab5d855a0d3b5c29b890195bb0629afe576,night,0.3971,0.561,0.383,by-sa,2.0,https://creativecommons.org/licenses/by-sa/2.0/,Zhenya,Gezelligfilm,https://www.flickr.com/photos/161439985@N05,flickr,https://www.flickr.com/photos/161439985@N05/24650312067,https://live.staticflickr.com/4643/24650312067_c58be1fe83_b.jpg,"""Zhenya"" by Gezelligfilm, CC BY-SA 2.0, via flickr",4f010d3e-be90-441e-a788-e5a5d358e480,portrait neon lights street,3.777,27.54,99.78,0.473,3.837,-2.122,1.089,20.465,-8.829,17.371,0.371,16.224
0135_night_56fd5bc1.jpg,20b04fd0014180b3f06502d0ae8713a40cd162dafdfe8973ab9773246307120e,night,0.3879,0.687,0.572,by,2.0,https://creativecommons.org/licenses/by/2.0/,6532-1,i.gorshkov,https://www.flickr.com/photos/134661509@N08,flickr,https://www.flickr.com/photos/134661509@N08/24120921117,https://live.staticflickr.com/4734/24120921117_30e761453c_b.jpg,"""6532-1"" by i.gorshkov, CC BY 2.0, via flickr",56fd5bc1-749d-4f38-af05-6c8d213b4544,street portrait night neon,0.0,3.383,61.822,0.899,4.58,1.777,16.503,18.411,-12.323,35.783,0.597,8.985
0136_night_51174851.jpg,84d1205a5447b9b9cc7bfc089d947d89a2e8b293a7682ca809f2b46b5915b457,night,0.3865,0.426,0.293,by,2.0,https://creativecommons.org/licenses/by/2.0/,neon lights,dako_huang,https://www.flickr.com/photos/127407599@N05,flickr,https://www.flickr.com/photos/127407599@N05/17094653082,https://live.staticflickr.com/7726/17094653082_977b273c0a_b.jpg,"""neon lights"" by dako_huang, CC BY 2.0, via flickr",51174851-5ae3-410f-8eb4-acd86dcb2cd5,neon portrait,3.344,10.158,97.376,0.73,-0.158,1.987,4.077,17.096,-2.608,12.218,0.27,9.017
0137_night_496cd7ec.jpg,5bc2664dd20a4a4b0ce7c8658a41c72f4a0f073d3550364249daefbbfa2d09a3,night,0.3864,0.361,0.032,by,2.0,https://creativecommons.org/licenses/by/2.0/,In The Green,erix!,https://www.flickr.com/photos/68387408@N00,flickr,https://www.flickr.com/photos/68387408@N00/1828888457,https://live.staticflickr.com/2192/1828888457_71fd6696a6_b.jpg,"""In The Green"" by erix!, CC BY 2.0, via flickr",496cd7ec-85d3-450b-b5a3-19c467b589f6,street portrait night neon,2.291,22.02,100.0,0.546,-3.021,11.154,-11.829,32.172,-5.675,14.086,0.579,20.589
0138_night_d2f09755.jpg,4e18532a847dd2861c1a181117a2cd2510202a5cff5fafd36ada3c8f3e0dfd2a,night,0.3861,0.553,0.342,by,2.0,https://creativecommons.org/licenses/by/2.0/,S+U Friedrichstraße,gpoo,https://www.flickr.com/photos/32593403@N00,flickr,https://www.flickr.com/photos/32593403@N00/6033763888,https://live.staticflickr.com/6187/6033763888_035c746167_b.jpg,"""S+U Friedrichstraße"" by gpoo, CC BY 2.0, via flickr",d2f09755-af28-45a7-9907-16674dfae3e8,portrait bokeh city,2.035,32.343,100.0,0.362,2.252,9.605,13.501,31.759,0.902,17.507,0.624,25.734
0139_night_5ad202e9.jpg,0a57ce87e1744742aaea1404449747852fb1b07f485859122c67b3d28f095c55,night,0.3831,0.487,0.739,by-sa,2.0,https://creativecommons.org/licenses/by-sa/2.0/,35 mm,Gezelligfilm,https://www.flickr.com/photos/161439985@N05,flickr,https://www.flickr.com/photos/161439985@N05/45650906061,https://live.staticflickr.com/1903/45650906061_152c8d456a_b.jpg,"""35 mm"" by Gezelligfilm, CC BY-SA 2.0, via flickr",5ad202e9-c3de-464d-8eac-c3f086c4bdde,street portrait night neon,4.57,5.748,58.421,0.912,-0.819,-0.971,43.475,36.29,1.917,46.366,0.456,8.781
0140_night_f0aa5ab2.jpg,70a780d6ca5d7f61f3724249362617434b6160c6abc0ba2a9bc421a9a1812506,night,0.3781,0.99,0.546,by,2.0,https://creativecommons.org/licenses/by/2.0/,neon red love,shannonkringen,https://www.flickr.com/photos/18161271@N00,flickr,https://www.flickr.com/photos/18161271@N00/387807206,https://live.staticflickr.com/123/387807206_07c372e8ba_b.jpg,"""neon red love"" by shannonkringen, CC BY 2.0, via flickr",f0aa5ab2-5853-4d5d-b981-c2f808dc84df,neon portrait,0.274,15.586,53.325,0.686,18.762,11.008,56.98,41.971,12.286,46.752,0.73,37.267
0141_night_a2d387f3.jpg,813abcfe95713c1f32b8366aba41cfdd74fe2e69ff28f39216c4aa69f6c36578,night,0.3655,0.606,-0.096,by,2.0,https://creativecommons.org/licenses/by/2.0/,Discovering,Andrew Nourse,https://www.flickr.com/photos/15300847@N03,flickr,https://www.flickr.com/photos/15300847@N03/4983784945,https://live.staticflickr.com/4145/4983784945_bbb63e4e61_b.jpg,"""Discovering"" by Andrew Nourse, CC BY 2.0, via flickr",a2d387f3-746d-41a7-a679-edd7fa65c1ec,portrait at night neon light,0.823,3.933,66.47,0.8,9.326,-2.617,54.489,-16.536,42.319,-20.379,0.569,22.773
